flight_id,flight_no,scheduled_departure,scheduled_arrival,departure_airport,arrival_airport,status,aircraft_code,actual_departure,actual_arrival,model,from_city,to_city,total_economy_seats,sold_economy_seats,sum_ticket_economy,total_business_seats,sold_business_seats,sum_ticket_business,total_comfort_seats,sold_comfort_seats,sum_ticket_comfort
136698,PG0480,2016-12-01T09:25:00Z,2016-12-01T10:15:00Z,AAQ,EGO,Arrived,SU9,2016-12-01T09:30:00Z,2016-12-01T10:19:00Z,Sukhoi Superjet-100,Anapa,Belgorod,85,82,519600.00,12,12,226800.00,0,0,
202931,PG0481,2016-12-01T10:00:00Z,2016-12-01T10:50:00Z,EGO,AAQ,Arrived,SU9,2016-12-01T10:06:00Z,2016-12-01T10:55:00Z,Sukhoi Superjet-100,Belgorod,Anapa,85,81,513300.00,12,12,226800.00,0,0,
136187,PG0252,2016-12-01T10:05:00Z,2016-12-01T11:45:00Z,AAQ,SVO,Arrived,733,2016-12-01T10:09:00Z,2016-12-01T11:49:00Z,Boeing 737-300,Anapa,Moscow,118,117,1434600.00,12,12,439200.00,0,0,
41385,PG0251,2016-12-01T15:05:00Z,2016-12-01T16:45:00Z,SVO,AAQ,Arrived,733,2016-12-01T15:06:00Z,2016-12-01T16:45:00Z,Boeing 737-300,Moscow,Anapa,118,100,1226000.00,12,11,402600.00,0,0,
136774,PG0480,2016-12-02T09:25:00Z,2016-12-02T10:15:00Z,AAQ,EGO,Arrived,SU9,2016-12-02T09:27:00Z,2016-12-02T10:17:00Z,Sukhoi Superjet-100,Anapa,Belgorod,85,81,513300.00,12,12,226800.00,0,0,
202783,PG0481,2016-12-02T10:00:00Z,2016-12-02T10:50:00Z,EGO,AAQ,Arrived,SU9,2016-12-02T10:03:00Z,2016-12-02T10:53:00Z,Sukhoi Superjet-100,Belgorod,Anapa,85,83,525900.00,12,12,226800.00,0,0,
136474,PG0252,2016-12-02T10:05:00Z,2016-12-02T11:45:00Z,AAQ,SVO,Arrived,733,2016-12-02T10:06:00Z,2016-12-02T11:44:00Z,Boeing 737-300,Anapa,Moscow,118,118,1446800.00,12,12,439200.00,0,0,
41351,PG0251,2016-12-02T15:05:00Z,2016-12-02T16:45:00Z,SVO,AAQ,Arrived,733,2016-12-02T15:07:00Z,2016-12-02T16:48:00Z,Boeing 737-300,Moscow,Anapa,118,105,1288200.00,12,11,402600.00,0,0,
136873,PG0480,2016-12-03T09:25:00Z,2016-12-03T10:15:00Z,AAQ,EGO,Arrived,SU9,2016-12-03T09:26:00Z,2016-12-03T10:17:00Z,Sukhoi Superjet-100,Anapa,Belgorod,85,84,532200.00,12,12,226800.00,0,0,
202854,PG0481,2016-12-03T10:00:00Z,2016-12-03T10:50:00Z,EGO,AAQ,Arrived,SU9,2016-12-03T10:02:00Z,2016-12-03T10:52:00Z,Sukhoi Superjet-100,Belgorod,Anapa,85,79,500700.00,12,11,207900.00,0,0,
136391,PG0252,2016-12-03T10:05:00Z,2016-12-03T11:45:00Z,AAQ,SVO,Arrived,733,2016-12-03T10:08:00Z,2016-12-03T11:48:00Z,Boeing 737-300,Anapa,Moscow,118,97,1190600.00,12,10,366000.00,0,0,
41312,PG0251,2016-12-03T15:05:00Z,2016-12-03T16:45:00Z,SVO,AAQ,Arrived,733,2016-12-03T15:11:00Z,2016-12-03T16:52:00Z,Boeing 737-300,Moscow,Anapa,118,97,1189400.00,12,12,439200.00,0,0,
136843,PG0480,2016-12-04T09:25:00Z,2016-12-04T10:15:00Z,AAQ,EGO,Arrived,SU9,2016-12-04T09:30:00Z,2016-12-04T10:20:00Z,Sukhoi Superjet-100,Anapa,Belgorod,85,67,424500.00,12,11,207900.00,0,0,
202816,PG0481,2016-12-04T10:00:00Z,2016-12-04T10:50:00Z,EGO,AAQ,Arrived,SU9,2016-12-04T10:00:00Z,2016-12-04T10:50:00Z,Sukhoi Superjet-100,Belgorod,Anapa,85,84,532200.00,12,12,226800.00,0,0,
136306,PG0252,2016-12-04T10:05:00Z,2016-12-04T11:45:00Z,AAQ,SVO,Arrived,733,2016-12-04T10:10:00Z,2016-12-04T11:50:00Z,Boeing 737-300,Anapa,Moscow,118,94,1150400.00,12,8,292800.00,0,0,
41277,PG0251,2016-12-04T15:05:00Z,2016-12-04T16:45:00Z,SVO,AAQ,Arrived,733,2016-12-04T15:07:00Z,2016-12-04T16:45:00Z,Boeing 737-300,Moscow,Anapa,118,100,1226000.00,12,10,366000.00,0,0,
136943,PG0480,2016-12-05T09:25:00Z,2016-12-05T10:15:00Z,AAQ,EGO,Arrived,SU9,2016-12-05T09:28:00Z,2016-12-05T10:18:00Z,Sukhoi Superjet-100,Anapa,Belgorod,85,83,525900.00,12,11,207900.00,0,0,
202597,PG0481,2016-12-05T10:00:00Z,2016-12-05T10:50:00Z,EGO,AAQ,Arrived,SU9,2016-12-05T10:02:00Z,2016-12-05T10:51:00Z,Sukhoi Superjet-100,Belgorod,Anapa,85,83,525900.00,12,10,189000.00,0,0,
136324,PG0252,2016-12-05T10:05:00Z,2016-12-05T11:45:00Z,AAQ,SVO,Arrived,733,2016-12-05T10:09:00Z,2016-12-05T11:50:00Z,Boeing 737-300,Anapa,Moscow,118,109,1337000.00,12,9,329400.00,0,0,
41359,PG0251,2016-12-05T15:05:00Z,2016-12-05T16:45:00Z,SVO,AAQ,Arrived,733,2016-12-05T15:06:00Z,2016-12-05T16:45:00Z,Boeing 737-300,Moscow,Anapa,118,98,1200400.00,12,10,366000.00,0,0,
136793,PG0480,2016-12-06T09:25:00Z,2016-12-06T10:15:00Z,AAQ,EGO,Arrived,SU9,2016-12-06T09:31:00Z,2016-12-06T10:21:00Z,Sukhoi Superjet-100,Anapa,Belgorod,85,85,538500.00,12,12,226800.00,0,0,
202919,PG0481,2016-12-06T10:00:00Z,2016-12-06T10:50:00Z,EGO,AAQ,Arrived,SU9,2016-12-06T10:03:00Z,2016-12-06T10:52:00Z,Sukhoi Superjet-100,Belgorod,Anapa,85,84,532200.00,12,12,226800.00,0,0,
136450,PG0252,2016-12-06T10:05:00Z,2016-12-06T11:45:00Z,AAQ,SVO,Arrived,733,2016-12-06T10:06:00Z,2016-12-06T11:48:00Z,Boeing 737-300,Anapa,Moscow,118,97,1188200.00,12,10,366000.00,0,0,
41329,PG0251,2016-12-06T15:05:00Z,2016-12-06T16:45:00Z,SVO,AAQ,Arrived,733,2016-12-06T15:07:00Z,2016-12-06T16:48:00Z,Boeing 737-300,Moscow,Anapa,118,108,1323600.00,12,11,402600.00,0,0,
136805,PG0480,2016-12-07T09:25:00Z,2016-12-07T10:15:00Z,AAQ,EGO,Arrived,SU9,2016-12-07T09:28:00Z,2016-12-07T10:18:00Z,Sukhoi Superjet-100,Anapa,Belgorod,85,85,538500.00,12,11,207900.00,0,0,
202688,PG0481,2016-12-07T10:00:00Z,2016-12-07T10:50:00Z,EGO,AAQ,Arrived,SU9,2016-12-07T10:04:00Z,2016-12-07T10:53:00Z,Sukhoi Superjet-100,Belgorod,Anapa,85,81,513300.00,12,12,226800.00,0,0,
136418,PG0252,2016-12-07T10:05:00Z,2016-12-07T11:45:00Z,AAQ,SVO,Arrived,733,2016-12-07T10:07:00Z,2016-12-07T11:47:00Z,Boeing 737-300,Anapa,Moscow,118,88,1078400.00,12,9,329400.00,0,0,
41381,PG0251,2016-12-07T15:05:00Z,2016-12-07T16:45:00Z,SVO,AAQ,Arrived,733,2016-12-07T15:07:00Z,2016-12-07T16:47:00Z,Boeing 737-300,Moscow,Anapa,118,113,1384600.00,12,12,439200.00,0,0,
136768,PG0480,2016-12-08T09:25:00Z,2016-12-08T10:15:00Z,AAQ,EGO,Arrived,SU9,2016-12-08T09:27:00Z,2016-12-08T10:17:00Z,Sukhoi Superjet-100,Anapa,Belgorod,85,85,538500.00,12,12,226800.00,0,0,
136491,PG0252,2016-12-08T10:05:00Z,2016-12-08T11:45:00Z,AAQ,SVO,Arrived,733,2016-12-08T10:08:00Z,2016-12-08T11:49:00Z,Boeing 737-300,Anapa,Moscow,118,93,1139400.00,12,10,366000.00,0,0,
202858,PG0481,2016-12-08T10:00:00Z,2016-12-08T10:50:00Z,EGO,AAQ,Arrived,SU9,2016-12-08T13:41:00Z,2016-12-08T14:31:00Z,Sukhoi Superjet-100,Belgorod,Anapa,85,81,513300.00,12,11,207900.00,0,0,
41513,PG0251,2016-12-08T15:05:00Z,2016-12-08T16:45:00Z,SVO,AAQ,Arrived,733,2016-12-08T15:09:00Z,2016-12-08T16:50:00Z,Boeing 737-300,Moscow,Anapa,118,99,1215000.00,12,10,366000.00,0,0,
136800,PG0480,2016-12-09T09:25:00Z,2016-12-09T10:15:00Z,AAQ,EGO,Arrived,SU9,2016-12-09T09:27:00Z,2016-12-09T10:18:00Z,Sukhoi Superjet-100,Anapa,Belgorod,85,72,456000.00,12,10,189000.00,0,0,
202595,PG0481,2016-12-09T10:00:00Z,2016-12-09T10:50:00Z,EGO,AAQ,Arrived,SU9,2016-12-09T10:05:00Z,2016-12-09T10:54:00Z,Sukhoi Superjet-100,Belgorod,Anapa,85,84,531600.00,12,12,226800.00,0,0,
136273,PG0252,2016-12-09T10:05:00Z,2016-12-09T11:45:00Z,AAQ,SVO,Arrived,733,2016-12-09T10:06:00Z,2016-12-09T11:45:00Z,Boeing 737-300,Anapa,Moscow,118,117,1434600.00,12,12,439200.00,0,0,
41266,PG0251,2016-12-09T15:05:00Z,2016-12-09T16:45:00Z,SVO,AAQ,Arrived,733,2016-12-09T15:06:00Z,2016-12-09T16:45:00Z,Boeing 737-300,Moscow,Anapa,118,108,1323600.00,12,12,439200.00,0,0,
136913,PG0480,2016-12-10T09:25:00Z,2016-12-10T10:15:00Z,AAQ,EGO,Arrived,SU9,2016-12-10T09:30:00Z,2016-12-10T10:19:00Z,Sukhoi Superjet-100,Anapa,Belgorod,85,80,506400.00,12,10,189000.00,0,0,
136352,PG0252,2016-12-10T10:05:00Z,2016-12-10T11:45:00Z,AAQ,SVO,Arrived,733,2016-12-10T10:10:00Z,2016-12-10T11:50:00Z,Boeing 737-300,Anapa,Moscow,118,82,1006400.00,12,10,366000.00,0,0,
202814,PG0481,2016-12-10T10:00:00Z,2016-12-10T10:50:00Z,EGO,AAQ,Arrived,SU9,2016-12-10T13:29:00Z,2016-12-10T14:20:00Z,Sukhoi Superjet-100,Belgorod,Anapa,85,82,519600.00,12,12,226800.00,0,0,
41271,PG0251,2016-12-10T15:05:00Z,2016-12-10T16:45:00Z,SVO,AAQ,Arrived,733,2016-12-10T15:10:00Z,2016-12-10T16:50:00Z,Boeing 737-300,Moscow,Anapa,118,118,1446800.00,12,12,439200.00,0,0,
136865,PG0480,2016-12-11T09:25:00Z,2016-12-11T10:15:00Z,AAQ,EGO,Arrived,SU9,2016-12-11T09:29:00Z,2016-12-11T10:19:00Z,Sukhoi Superjet-100,Anapa,Belgorod,85,77,487500.00,12,11,207900.00,0,0,
202795,PG0481,2016-12-11T10:00:00Z,2016-12-11T10:50:00Z,EGO,AAQ,Arrived,SU9,2016-12-11T10:02:00Z,2016-12-11T10:53:00Z,Sukhoi Superjet-100,Belgorod,Anapa,85,85,538500.00,12,11,207900.00,0,0,
136447,PG0252,2016-12-11T10:05:00Z,2016-12-11T11:45:00Z,AAQ,SVO,Arrived,733,2016-12-11T10:07:00Z,2016-12-11T11:47:00Z,Boeing 737-300,Anapa,Moscow,118,107,1312600.00,12,9,329400.00,0,0,
41280,PG0251,2016-12-11T15:05:00Z,2016-12-11T16:45:00Z,SVO,AAQ,Arrived,733,2016-12-11T15:06:00Z,2016-12-11T16:45:00Z,Boeing 737-300,Moscow,Anapa,118,95,1165000.00,12,9,329400.00,0,0,
202572,PG0481,2016-12-12T10:00:00Z,2016-12-12T10:50:00Z,EGO,AAQ,Arrived,SU9,2016-12-12T10:04:00Z,2016-12-12T10:54:00Z,Sukhoi Superjet-100,Belgorod,Anapa,85,82,519600.00,12,12,226800.00,0,0,
136141,PG0252,2016-12-12T10:05:00Z,2016-12-12T11:45:00Z,AAQ,SVO,Arrived,733,2016-12-12T10:08:00Z,2016-12-12T11:50:00Z,Boeing 737-300,Anapa,Moscow,118,98,1200400.00,12,11,402600.00,0,0,
136911,PG0480,2016-12-12T09:25:00Z,2016-12-12T10:15:00Z,AAQ,EGO,Arrived,SU9,2016-12-12T13:05:00Z,2016-12-12T13:55:00Z,Sukhoi Superjet-100,Anapa,Belgorod,85,77,487500.00,12,10,189000.00,0,0,
41285,PG0251,2016-12-12T15:05:00Z,2016-12-12T16:45:00Z,SVO,AAQ,Arrived,733,2016-12-12T15:08:00Z,2016-12-12T16:48:00Z,Boeing 737-300,Moscow,Anapa,118,109,1337000.00,12,10,366000.00,0,0,
136691,PG0480,2016-12-13T09:25:00Z,2016-12-13T10:15:00Z,AAQ,EGO,Arrived,SU9,2016-12-13T09:25:00Z,2016-12-13T10:14:00Z,Sukhoi Superjet-100,Anapa,Belgorod,85,76,481800.00,12,11,207900.00,0,0,
136223,PG0252,2016-12-13T10:05:00Z,2016-12-13T11:45:00Z,AAQ,SVO,Arrived,733,2016-12-13T10:06:00Z,2016-12-13T11:47:00Z,Boeing 737-300,Anapa,Moscow,118,110,1349200.00,12,11,402600.00,0,0,
202700,PG0481,2016-12-13T10:00:00Z,2016-12-13T10:50:00Z,EGO,AAQ,Arrived,SU9,2016-12-13T13:45:00Z,2016-12-13T14:35:00Z,Sukhoi Superjet-100,Belgorod,Anapa,85,77,487500.00,12,11,207900.00,0,0,
41242,PG0251,2016-12-13T15:05:00Z,2016-12-13T16:45:00Z,SVO,AAQ,Arrived,733,2016-12-13T15:07:00Z,2016-12-13T16:47:00Z,Boeing 737-300,Moscow,Anapa,118,108,1324800.00,12,9,329400.00,0,0,
136872,PG0480,2016-12-14T09:25:00Z,2016-12-14T10:15:00Z,AAQ,EGO,Arrived,SU9,2016-12-14T09:26:00Z,2016-12-14T10:16:00Z,Sukhoi Superjet-100,Anapa,Belgorod,85,85,538500.00,12,12,226800.00,0,0,
202726,PG0481,2016-12-14T10:00:00Z,2016-12-14T10:50:00Z,EGO,AAQ,Arrived,SU9,2016-12-14T10:02:00Z,2016-12-14T10:52:00Z,Sukhoi Superjet-100,Belgorod,Anapa,85,75,474300.00,12,12,226800.00,0,0,
136143,PG0252,2016-12-14T10:05:00Z,2016-12-14T11:45:00Z,AAQ,SVO,Arrived,733,2016-12-14T10:06:00Z,2016-12-14T11:46:00Z,Boeing 737-300,Anapa,Moscow,118,94,1151600.00,12,11,402600.00,0,0,
41298,PG0251,2016-12-14T15:05:00Z,2016-12-14T16:45:00Z,SVO,AAQ,Arrived,733,2016-12-14T15:11:00Z,2016-12-14T16:50:00Z,Boeing 737-300,Moscow,Anapa,118,101,1237000.00,12,8,292800.00,0,0,
136688,PG0480,2016-12-15T09:25:00Z,2016-12-15T10:15:00Z,AAQ,EGO,Arrived,SU9,2016-12-15T09:30:00Z,2016-12-15T10:20:00Z,Sukhoi Superjet-100,Anapa,Belgorod,85,79,500700.00,12,10,189000.00,0,0,
136465,PG0252,2016-12-15T10:05:00Z,2016-12-15T11:45:00Z,AAQ,SVO,Arrived,733,2016-12-15T10:05:00Z,2016-12-15T11:47:00Z,Boeing 737-300,Anapa,Moscow,118,118,1446800.00,12,12,439200.00,0,0,
202585,PG0481,2016-12-15T10:00:00Z,2016-12-15T10:50:00Z,EGO,AAQ,Arrived,SU9,2016-12-15T12:36:00Z,2016-12-15T13:25:00Z,Sukhoi Superjet-100,Belgorod,Anapa,85,82,519600.00,12,11,207900.00,0,0,
41308,PG0251,2016-12-15T15:05:00Z,2016-12-15T16:45:00Z,SVO,AAQ,Arrived,733,2016-12-15T15:10:00Z,2016-12-15T16:50:00Z,Boeing 737-300,Moscow,Anapa,118,106,1300400.00,12,11,402600.00,0,0,
136886,PG0480,2016-12-16T09:25:00Z,2016-12-16T10:15:00Z,AAQ,EGO,Arrived,SU9,2016-12-16T09:26:00Z,2016-12-16T10:16:00Z,Sukhoi Superjet-100,Anapa,Belgorod,85,78,494400.00,12,12,226800.00,0,0,
202749,PG0481,2016-12-16T10:00:00Z,2016-12-16T10:50:00Z,EGO,AAQ,Arrived,SU9,2016-12-16T10:03:00Z,2016-12-16T10:54:00Z,Sukhoi Superjet-100,Belgorod,Anapa,85,82,519000.00,12,12,226800.00,0,0,
136385,PG0252,2016-12-16T10:05:00Z,2016-12-16T11:45:00Z,AAQ,SVO,Arrived,733,2016-12-16T10:10:00Z,2016-12-16T11:50:00Z,Boeing 737-300,Anapa,Moscow,118,116,1422400.00,12,12,439200.00,0,0,
41318,PG0251,2016-12-16T15:05:00Z,2016-12-16T16:45:00Z,SVO,AAQ,Arrived,733,2016-12-16T15:09:00Z,2016-12-16T16:48:00Z,Boeing 737-300,Moscow,Anapa,118,101,1238200.00,12,11,402600.00,0,0,
136771,PG0480,2016-12-17T09:25:00Z,2016-12-17T10:15:00Z,AAQ,EGO,Arrived,SU9,2016-12-17T09:26:00Z,2016-12-17T10:15:00Z,Sukhoi Superjet-100,Anapa,Belgorod,85,71,449100.00,12,11,207900.00,0,0,
202807,PG0481,2016-12-17T10:00:00Z,2016-12-17T10:50:00Z,EGO,AAQ,Arrived,SU9,2016-12-17T10:01:00Z,2016-12-17T10:51:00Z,Sukhoi Superjet-100,Belgorod,Anapa,85,85,538500.00,12,12,226800.00,0,0,
136318,PG0252,2016-12-17T10:05:00Z,2016-12-17T11:45:00Z,AAQ,SVO,Arrived,733,2016-12-17T10:07:00Z,2016-12-17T11:49:00Z,Boeing 737-300,Anapa,Moscow,118,93,1141800.00,12,11,402600.00,0,0,
41321,PG0251,2016-12-17T15:05:00Z,2016-12-17T16:45:00Z,SVO,AAQ,Arrived,733,2016-12-17T15:09:00Z,2016-12-17T16:48:00Z,Boeing 737-300,Moscow,Anapa,118,93,1139400.00,12,9,329400.00,0,0,
136742,PG0480,2016-12-18T09:25:00Z,2016-12-18T10:15:00Z,AAQ,EGO,Arrived,SU9,2016-12-18T09:27:00Z,2016-12-18T10:17:00Z,Sukhoi Superjet-100,Anapa,Belgorod,85,85,538500.00,12,12,226800.00,0,0,
202645,PG0481,2016-12-18T10:00:00Z,2016-12-18T10:50:00Z,EGO,AAQ,Arrived,SU9,2016-12-18T10:02:00Z,2016-12-18T10:52:00Z,Sukhoi Superjet-100,Belgorod,Anapa,85,83,525900.00,12,12,226800.00,0,0,
136257,PG0252,2016-12-18T10:05:00Z,2016-12-18T11:45:00Z,AAQ,SVO,Arrived,733,2016-12-18T10:09:00Z,2016-12-18T11:49:00Z,Boeing 737-300,Anapa,Moscow,118,100,1226000.00,12,11,402600.00,0,0,
41328,PG0251,2016-12-18T15:05:00Z,2016-12-18T16:45:00Z,SVO,AAQ,Arrived,733,2016-12-18T15:08:00Z,2016-12-18T16:47:00Z,Boeing 737-300,Moscow,Anapa,118,106,1300400.00,12,10,366000.00,0,0,
136725,PG0480,2016-12-19T09:25:00Z,2016-12-19T10:15:00Z,AAQ,EGO,Arrived,SU9,2016-12-19T09:30:00Z,2016-12-19T10:19:00Z,Sukhoi Superjet-100,Anapa,Belgorod,85,83,525900.00,12,9,170100.00,0,0,
202927,PG0481,2016-12-19T10:00:00Z,2016-12-19T10:50:00Z,EGO,AAQ,Arrived,SU9,2016-12-19T10:04:00Z,2016-12-19T10:54:00Z,Sukhoi Superjet-100,Belgorod,Anapa,85,85,538500.00,12,12,226800.00,0,0,
136338,PG0252,2016-12-19T10:05:00Z,2016-12-19T11:45:00Z,AAQ,SVO,Arrived,733,2016-12-19T10:06:00Z,2016-12-19T11:46:00Z,Boeing 737-300,Anapa,Moscow,118,116,1422400.00,12,12,439200.00,0,0,
41337,PG0251,2016-12-19T15:05:00Z,2016-12-19T16:45:00Z,SVO,AAQ,Arrived,733,2016-12-19T15:07:00Z,2016-12-19T16:47:00Z,Boeing 737-300,Moscow,Anapa,118,104,1274800.00,12,11,402600.00,0,0,
136738,PG0480,2016-12-20T09:25:00Z,2016-12-20T10:15:00Z,AAQ,EGO,Arrived,SU9,2016-12-20T09:27:00Z,2016-12-20T10:16:00Z,Sukhoi Superjet-100,Anapa,Belgorod,85,76,481800.00,12,11,207900.00,0,0,
202921,PG0481,2016-12-20T10:00:00Z,2016-12-20T10:50:00Z,EGO,AAQ,Arrived,SU9,2016-12-20T10:03:00Z,2016-12-20T10:53:00Z,Sukhoi Superjet-100,Belgorod,Anapa,85,83,525900.00,12,10,189000.00,0,0,
136252,PG0252,2016-12-20T10:05:00Z,2016-12-20T11:45:00Z,AAQ,SVO,Arrived,733,2016-12-20T10:05:00Z,2016-12-20T11:46:00Z,Boeing 737-300,Anapa,Moscow,118,91,1115000.00,12,11,402600.00,0,0,
41346,PG0251,2016-12-20T15:05:00Z,2016-12-20T16:45:00Z,SVO,AAQ,Arrived,733,2016-12-20T15:07:00Z,2016-12-20T16:48:00Z,Boeing 737-300,Moscow,Anapa,118,105,1287000.00,12,12,439200.00,0,0,
136961,PG0480,2016-12-21T09:25:00Z,2016-12-21T10:15:00Z,AAQ,EGO,Arrived,SU9,2016-12-21T09:27:00Z,2016-12-21T10:16:00Z,Sukhoi Superjet-100,Anapa,Belgorod,85,84,532200.00,12,12,226800.00,0,0,
202885,PG0481,2016-12-21T10:00:00Z,2016-12-21T10:50:00Z,EGO,AAQ,Arrived,SU9,2016-12-21T10:03:00Z,2016-12-21T10:53:00Z,Sukhoi Superjet-100,Belgorod,Anapa,85,85,538500.00,12,12,226800.00,0,0,
136210,PG0252,2016-12-21T10:05:00Z,2016-12-21T11:45:00Z,AAQ,SVO,Arrived,733,2016-12-21T10:08:00Z,2016-12-21T11:48:00Z,Boeing 737-300,Anapa,Moscow,118,107,1309000.00,12,11,402600.00,0,0,
41353,PG0251,2016-12-21T15:05:00Z,2016-12-21T16:45:00Z,SVO,AAQ,Arrived,733,2016-12-21T15:07:00Z,2016-12-21T16:48:00Z,Boeing 737-300,Moscow,Anapa,118,114,1398000.00,12,10,366000.00,0,0,
136631,PG0480,2016-12-22T09:25:00Z,2016-12-22T10:15:00Z,AAQ,EGO,Arrived,SU9,2016-12-22T09:26:00Z,2016-12-22T10:16:00Z,Sukhoi Superjet-100,Anapa,Belgorod,85,78,494400.00,12,12,226800.00,0,0,
202599,PG0481,2016-12-22T10:00:00Z,2016-12-22T10:50:00Z,EGO,AAQ,Arrived,SU9,2016-12-22T10:03:00Z,2016-12-22T10:53:00Z,Sukhoi Superjet-100,Belgorod,Anapa,85,77,488100.00,12,12,226800.00,0,0,
136244,PG0252,2016-12-22T10:05:00Z,2016-12-22T11:45:00Z,AAQ,SVO,Arrived,733,2016-12-22T10:08:00Z,2016-12-22T11:47:00Z,Boeing 737-300,Anapa,Moscow,118,106,1300400.00,12,11,402600.00,0,0,
41358,PG0251,2016-12-22T15:05:00Z,2016-12-22T16:45:00Z,SVO,AAQ,Arrived,733,2016-12-22T15:08:00Z,2016-12-22T16:48:00Z,Boeing 737-300,Moscow,Anapa,118,95,1165000.00,12,8,292800.00,0,0,
136702,PG0480,2016-12-23T09:25:00Z,2016-12-23T10:15:00Z,AAQ,EGO,Arrived,SU9,2016-12-23T09:26:00Z,2016-12-23T10:16:00Z,Sukhoi Superjet-100,Anapa,Belgorod,85,73,462900.00,12,11,207900.00,0,0,
202736,PG0481,2016-12-23T10:00:00Z,2016-12-23T10:50:00Z,EGO,AAQ,Arrived,SU9,2016-12-23T10:00:00Z,2016-12-23T10:51:00Z,Sukhoi Superjet-100,Belgorod,Anapa,85,82,519600.00,12,12,226800.00,0,0,
136492,PG0252,2016-12-23T10:05:00Z,2016-12-23T11:45:00Z,AAQ,SVO,Arrived,733,2016-12-23T10:08:00Z,2016-12-23T11:48:00Z,Boeing 737-300,Anapa,Moscow,118,108,1324800.00,12,10,366000.00,0,0,
41366,PG0251,2016-12-23T15:05:00Z,2016-12-23T16:45:00Z,SVO,AAQ,Arrived,733,2016-12-23T15:13:00Z,2016-12-23T16:54:00Z,Boeing 737-300,Moscow,Anapa,118,117,1434600.00,12,12,439200.00,0,0,
136653,PG0480,2016-12-24T09:25:00Z,2016-12-24T10:15:00Z,AAQ,EGO,Arrived,SU9,2016-12-24T09:27:00Z,2016-12-24T10:17:00Z,Sukhoi Superjet-100,Anapa,Belgorod,85,78,493800.00,12,11,207900.00,0,0,
202678,PG0481,2016-12-24T10:00:00Z,2016-12-24T10:50:00Z,EGO,AAQ,Arrived,SU9,2016-12-24T10:03:00Z,2016-12-24T10:53:00Z,Sukhoi Superjet-100,Belgorod,Anapa,85,78,493200.00,12,12,226800.00,0,0,
136253,PG0252,2016-12-24T10:05:00Z,2016-12-24T11:45:00Z,AAQ,SVO,Arrived,733,2016-12-24T10:08:00Z,2016-12-24T11:46:00Z,Boeing 737-300,Anapa,Moscow,118,82,1005200.00,12,11,402600.00,0,0,
41373,PG0251,2016-12-24T15:05:00Z,2016-12-24T16:45:00Z,SVO,AAQ,Arrived,733,2016-12-24T15:07:00Z,2016-12-24T16:48:00Z,Boeing 737-300,Moscow,Anapa,118,105,1287000.00,12,11,402600.00,0,0,
136592,PG0480,2016-12-25T09:25:00Z,2016-12-25T10:15:00Z,AAQ,EGO,Arrived,SU9,2016-12-25T09:28:00Z,2016-12-25T10:18:00Z,Sukhoi Superjet-100,Anapa,Belgorod,85,80,507000.00,12,9,170100.00,0,0,
202782,PG0481,2016-12-25T10:00:00Z,2016-12-25T10:50:00Z,EGO,AAQ,Arrived,SU9,2016-12-25T10:05:00Z,2016-12-25T10:55:00Z,Sukhoi Superjet-100,Belgorod,Anapa,85,76,481800.00,12,12,226800.00,0,0,
136397,PG0252,2016-12-25T10:05:00Z,2016-12-25T11:45:00Z,AAQ,SVO,Arrived,733,2016-12-25T10:06:00Z,2016-12-25T11:47:00Z,Boeing 737-300,Anapa,Moscow,118,97,1188200.00,12,7,256200.00,0,0,
41379,PG0251,2016-12-25T15:05:00Z,2016-12-25T16:45:00Z,SVO,AAQ,Arrived,733,2016-12-25T15:06:00Z,2016-12-25T16:46:00Z,Boeing 737-300,Moscow,Anapa,118,107,1310200.00,12,10,366000.00,0,0,
136680,PG0480,2016-12-26T09:25:00Z,2016-12-26T10:15:00Z,AAQ,EGO,Arrived,SU9,2016-12-26T09:34:00Z,2016-12-26T10:24:00Z,Sukhoi Superjet-100,Anapa,Belgorod,85,80,507000.00,12,12,226800.00,0,0,
202661,PG0481,2016-12-26T10:00:00Z,2016-12-26T10:50:00Z,EGO,AAQ,Arrived,SU9,2016-12-26T10:03:00Z,2016-12-26T10:53:00Z,Sukhoi Superjet-100,Belgorod,Anapa,85,79,500100.00,12,11,207900.00,0,0,
136390,PG0252,2016-12-26T10:05:00Z,2016-12-26T11:45:00Z,AAQ,SVO,Arrived,733,2016-12-26T10:06:00Z,2016-12-26T11:47:00Z,Boeing 737-300,Anapa,Moscow,118,113,1384600.00,12,12,439200.00,0,0,
41388,PG0251,2016-12-26T15:05:00Z,2016-12-26T16:45:00Z,SVO,AAQ,Arrived,733,2016-12-26T15:07:00Z,2016-12-26T16:48:00Z,Boeing 737-300,Moscow,Anapa,118,113,1385800.00,12,11,402600.00,0,0,
136617,PG0480,2016-12-27T09:25:00Z,2016-12-27T10:15:00Z,AAQ,EGO,Arrived,SU9,2016-12-27T09:26:00Z,2016-12-27T10:16:00Z,Sukhoi Superjet-100,Anapa,Belgorod,85,85,538500.00,12,12,226800.00,0,0,
202716,PG0481,2016-12-27T10:00:00Z,2016-12-27T10:50:00Z,EGO,AAQ,Arrived,SU9,2016-12-27T10:01:00Z,2016-12-27T10:51:00Z,Sukhoi Superjet-100,Belgorod,Anapa,85,80,506400.00,12,12,226800.00,0,0,
136207,PG0252,2016-12-27T10:05:00Z,2016-12-27T11:45:00Z,AAQ,SVO,Arrived,733,2016-12-27T10:07:00Z,2016-12-27T11:48:00Z,Boeing 737-300,Anapa,Moscow,118,101,1238200.00,12,9,329400.00,0,0,
41393,PG0251,2016-12-27T15:05:00Z,2016-12-27T16:45:00Z,SVO,AAQ,Arrived,733,2016-12-27T15:07:00Z,2016-12-27T16:46:00Z,Boeing 737-300,Moscow,Anapa,118,102,1251600.00,12,8,292800.00,0,0,
136866,PG0480,2016-12-28T09:25:00Z,2016-12-28T10:15:00Z,AAQ,EGO,Arrived,SU9,2016-12-28T09:28:00Z,2016-12-28T10:18:00Z,Sukhoi Superjet-100,Anapa,Belgorod,85,83,525900.00,12,11,207900.00,0,0,
202767,PG0481,2016-12-28T10:00:00Z,2016-12-28T10:50:00Z,EGO,AAQ,Arrived,SU9,2016-12-28T10:03:00Z,2016-12-28T10:53:00Z,Sukhoi Superjet-100,Belgorod,Anapa,85,84,532200.00,12,11,207900.00,0,0,
136262,PG0252,2016-12-28T10:05:00Z,2016-12-28T11:45:00Z,AAQ,SVO,Arrived,733,2016-12-28T10:10:00Z,2016-12-28T11:49:00Z,Boeing 737-300,Anapa,Moscow,118,116,1422400.00,12,12,439200.00,0,0,
41400,PG0251,2016-12-28T15:05:00Z,2016-12-28T16:45:00Z,SVO,AAQ,Arrived,733,2016-12-28T15:09:00Z,2016-12-28T16:49:00Z,Boeing 737-300,Moscow,Anapa,118,109,1337000.00,12,11,402600.00,0,0,
136785,PG0480,2016-12-29T09:25:00Z,2016-12-29T10:15:00Z,AAQ,EGO,Arrived,SU9,2016-12-29T09:28:00Z,2016-12-29T10:19:00Z,Sukhoi Superjet-100,Anapa,Belgorod,85,85,538500.00,12,12,226800.00,0,0,
202653,PG0481,2016-12-29T10:00:00Z,2016-12-29T10:50:00Z,EGO,AAQ,Arrived,SU9,2016-12-29T10:02:00Z,2016-12-29T10:51:00Z,Sukhoi Superjet-100,Belgorod,Anapa,85,83,525900.00,12,12,226800.00,0,0,
136296,PG0252,2016-12-29T10:05:00Z,2016-12-29T11:45:00Z,AAQ,SVO,Arrived,733,2016-12-29T10:07:00Z,2016-12-29T11:46:00Z,Boeing 737-300,Anapa,Moscow,118,107,1312600.00,12,10,366000.00,0,0,
41409,PG0251,2016-12-29T15:05:00Z,2016-12-29T16:45:00Z,SVO,AAQ,Arrived,733,2016-12-29T15:10:00Z,2016-12-29T16:50:00Z,Boeing 737-300,Moscow,Anapa,118,102,1250400.00,12,10,366000.00,0,0,
136801,PG0480,2016-12-30T09:25:00Z,2016-12-30T10:15:00Z,AAQ,EGO,Arrived,SU9,2016-12-30T09:28:00Z,2016-12-30T10:18:00Z,Sukhoi Superjet-100,Anapa,Belgorod,85,85,538500.00,12,12,226800.00,0,0,
136327,PG0252,2016-12-30T10:05:00Z,2016-12-30T11:45:00Z,AAQ,SVO,Arrived,733,2016-12-30T10:12:00Z,2016-12-30T11:52:00Z,Boeing 737-300,Anapa,Moscow,118,99,1213800.00,12,9,329400.00,0,0,
202539,PG0481,2016-12-30T10:00:00Z,2016-12-30T10:50:00Z,EGO,AAQ,Arrived,SU9,2016-12-30T13:01:00Z,2016-12-30T13:51:00Z,Sukhoi Superjet-100,Belgorod,Anapa,85,84,532200.00,12,12,226800.00,0,0,
41416,PG0251,2016-12-30T15:05:00Z,2016-12-30T16:45:00Z,SVO,AAQ,Arrived,733,2016-12-30T15:06:00Z,2016-12-30T16:45:00Z,Boeing 737-300,Moscow,Anapa,118,111,1361400.00,12,12,439200.00,0,0,
136929,PG0480,2016-12-31T09:25:00Z,2016-12-31T10:15:00Z,AAQ,EGO,Arrived,SU9,2016-12-31T09:25:00Z,2016-12-31T10:15:00Z,Sukhoi Superjet-100,Anapa,Belgorod,85,73,461700.00,12,9,170100.00,0,0,
202819,PG0481,2016-12-31T10:00:00Z,2016-12-31T10:50:00Z,EGO,AAQ,Arrived,SU9,2016-12-31T10:03:00Z,2016-12-31T10:53:00Z,Sukhoi Superjet-100,Belgorod,Anapa,85,84,532200.00,12,12,226800.00,0,0,
136368,PG0252,2016-12-31T10:05:00Z,2016-12-31T11:45:00Z,AAQ,SVO,Arrived,733,2016-12-31T10:07:00Z,2016-12-31T11:47:00Z,Boeing 737-300,Anapa,Moscow,118,118,1446800.00,12,12,439200.00,0,0,
41424,PG0251,2016-12-31T15:05:00Z,2016-12-31T16:45:00Z,SVO,AAQ,Arrived,733,2016-12-31T15:10:00Z,2016-12-31T16:51:00Z,Boeing 737-300,Moscow,Anapa,118,100,1226000.00,12,9,329400.00,0,0,
136661,PG0480,2017-01-01T09:25:00Z,2017-01-01T10:15:00Z,AAQ,EGO,Arrived,SU9,2017-01-01T09:27:00Z,2017-01-01T10:17:00Z,Sukhoi Superjet-100,Anapa,Belgorod,85,84,532200.00,12,12,226800.00,0,0,
202740,PG0481,2017-01-01T10:00:00Z,2017-01-01T10:50:00Z,EGO,AAQ,Arrived,SU9,2017-01-01T10:03:00Z,2017-01-01T10:52:00Z,Sukhoi Superjet-100,Belgorod,Anapa,85,84,532200.00,12,12,226800.00,0,0,
136420,PG0252,2017-01-01T10:05:00Z,2017-01-01T11:45:00Z,AAQ,SVO,Arrived,733,2017-01-01T10:09:00Z,2017-01-01T11:47:00Z,Boeing 737-300,Anapa,Moscow,118,93,1139400.00,12,11,402600.00,0,0,
41429,PG0251,2017-01-01T15:05:00Z,2017-01-01T16:45:00Z,SVO,AAQ,Arrived,733,2017-01-01T15:08:00Z,2017-01-01T16:46:00Z,Boeing 737-300,Moscow,Anapa,118,108,1324800.00,12,12,439200.00,0,0,
136936,PG0480,2017-01-02T09:25:00Z,2017-01-02T10:15:00Z,AAQ,EGO,Arrived,SU9,2017-01-02T09:28:00Z,2017-01-02T10:18:00Z,Sukhoi Superjet-100,Anapa,Belgorod,85,73,462300.00,12,9,170100.00,0,0,
202876,PG0481,2017-01-02T10:00:00Z,2017-01-02T10:50:00Z,EGO,AAQ,Arrived,SU9,2017-01-02T10:03:00Z,2017-01-02T10:54:00Z,Sukhoi Superjet-100,Belgorod,Anapa,85,84,532200.00,12,12,226800.00,0,0,
136458,PG0252,2017-01-02T10:05:00Z,2017-01-02T11:45:00Z,AAQ,SVO,Arrived,733,2017-01-02T10:07:00Z,2017-01-02T11:46:00Z,Boeing 737-300,Anapa,Moscow,118,101,1239400.00,12,9,329400.00,0,0,
41438,PG0251,2017-01-02T15:05:00Z,2017-01-02T16:45:00Z,SVO,AAQ,Arrived,733,2017-01-02T17:53:00Z,2017-01-02T19:32:00Z,Boeing 737-300,Moscow,Anapa,118,97,1189400.00,12,10,366000.00,0,0,
136937,PG0480,2017-01-03T09:25:00Z,2017-01-03T10:15:00Z,AAQ,EGO,Arrived,SU9,2017-01-03T09:29:00Z,2017-01-03T10:19:00Z,Sukhoi Superjet-100,Anapa,Belgorod,85,72,456000.00,12,9,170100.00,0,0,
202593,PG0481,2017-01-03T10:00:00Z,2017-01-03T10:50:00Z,EGO,AAQ,Arrived,SU9,2017-01-03T10:01:00Z,2017-01-03T10:51:00Z,Sukhoi Superjet-100,Belgorod,Anapa,85,82,519600.00,12,12,226800.00,0,0,
136119,PG0252,2017-01-03T10:05:00Z,2017-01-03T11:45:00Z,AAQ,SVO,Arrived,733,2017-01-03T10:08:00Z,2017-01-03T11:49:00Z,Boeing 737-300,Anapa,Moscow,118,102,1250400.00,12,11,402600.00,0,0,
41443,PG0251,2017-01-03T15:05:00Z,2017-01-03T16:45:00Z,SVO,AAQ,Arrived,733,2017-01-03T15:08:00Z,2017-01-03T16:49:00Z,Boeing 737-300,Moscow,Anapa,118,113,1385800.00,12,11,402600.00,0,0,
136819,PG0480,2017-01-04T09:25:00Z,2017-01-04T10:15:00Z,AAQ,EGO,Arrived,SU9,2017-01-04T09:29:00Z,2017-01-04T10:19:00Z,Sukhoi Superjet-100,Anapa,Belgorod,85,84,532200.00,12,12,226800.00,0,0,
202692,PG0481,2017-01-04T10:00:00Z,2017-01-04T10:50:00Z,EGO,AAQ,Arrived,SU9,2017-01-04T10:04:00Z,2017-01-04T10:54:00Z,Sukhoi Superjet-100,Belgorod,Anapa,85,83,525900.00,12,11,207900.00,0,0,
136159,PG0252,2017-01-04T10:05:00Z,2017-01-04T11:45:00Z,AAQ,SVO,Arrived,733,2017-01-04T10:07:00Z,2017-01-04T11:45:00Z,Boeing 737-300,Anapa,Moscow,118,103,1261400.00,12,12,439200.00,0,0,
41455,PG0251,2017-01-04T15:05:00Z,2017-01-04T16:45:00Z,SVO,AAQ,Arrived,733,2017-01-04T15:09:00Z,2017-01-04T16:49:00Z,Boeing 737-300,Moscow,Anapa,118,94,1151600.00,12,10,366000.00,0,0,
136645,PG0480,2017-01-05T09:25:00Z,2017-01-05T10:15:00Z,AAQ,EGO,Arrived,SU9,2017-01-05T09:29:00Z,2017-01-05T10:20:00Z,Sukhoi Superjet-100,Anapa,Belgorod,85,73,462900.00,12,9,170100.00,0,0,
202743,PG0481,2017-01-05T10:00:00Z,2017-01-05T10:50:00Z,EGO,AAQ,Arrived,SU9,2017-01-05T10:03:00Z,2017-01-05T10:53:00Z,Sukhoi Superjet-100,Belgorod,Anapa,85,78,494400.00,12,12,226800.00,0,0,
136202,PG0252,2017-01-05T10:05:00Z,2017-01-05T11:45:00Z,AAQ,SVO,Arrived,733,2017-01-05T10:07:00Z,2017-01-05T11:49:00Z,Boeing 737-300,Anapa,Moscow,118,89,1093000.00,12,11,402600.00,0,0,
41460,PG0251,2017-01-05T15:05:00Z,2017-01-05T16:45:00Z,SVO,AAQ,Arrived,733,2017-01-05T15:10:00Z,2017-01-05T16:49:00Z,Boeing 737-300,Moscow,Anapa,118,112,1372400.00,12,12,439200.00,0,0,
136706,PG0480,2017-01-06T09:25:00Z,2017-01-06T10:15:00Z,AAQ,EGO,Arrived,SU9,2017-01-06T09:30:00Z,2017-01-06T10:20:00Z,Sukhoi Superjet-100,Anapa,Belgorod,85,84,532200.00,12,11,207900.00,0,0,
202751,PG0481,2017-01-06T10:00:00Z,2017-01-06T10:50:00Z,EGO,AAQ,Arrived,SU9,2017-01-06T10:03:00Z,2017-01-06T10:54:00Z,Sukhoi Superjet-100,Belgorod,Anapa,85,76,481800.00,12,12,226800.00,0,0,
136209,PG0252,2017-01-06T10:05:00Z,2017-01-06T11:45:00Z,AAQ,SVO,Arrived,733,2017-01-06T10:09:00Z,2017-01-06T11:49:00Z,Boeing 737-300,Anapa,Moscow,118,102,1249200.00,12,10,366000.00,0,0,
41466,PG0251,2017-01-06T15:05:00Z,2017-01-06T16:45:00Z,SVO,AAQ,Arrived,733,2017-01-06T15:08:00Z,2017-01-06T16:47:00Z,Boeing 737-300,Moscow,Anapa,118,106,1299200.00,12,9,329400.00,0,0,
202879,PG0481,2017-01-07T10:00:00Z,2017-01-07T10:50:00Z,EGO,AAQ,Arrived,SU9,2017-01-07T10:05:00Z,2017-01-07T10:55:00Z,Sukhoi Superjet-100,Belgorod,Anapa,85,82,519600.00,12,12,226800.00,0,0,
136164,PG0252,2017-01-07T10:05:00Z,2017-01-07T11:45:00Z,AAQ,SVO,Arrived,733,2017-01-07T10:07:00Z,2017-01-07T11:46:00Z,Boeing 737-300,Anapa,Moscow,118,109,1335800.00,12,11,402600.00,0,0,
136632,PG0480,2017-01-07T09:25:00Z,2017-01-07T10:15:00Z,AAQ,EGO,Arrived,SU9,2017-01-07T12:42:00Z,2017-01-07T13:33:00Z,Sukhoi Superjet-100,Anapa,Belgorod,85,80,506400.00,12,11,207900.00,0,0,
41474,PG0251,2017-01-07T15:05:00Z,2017-01-07T16:45:00Z,SVO,AAQ,Arrived,733,2017-01-07T17:55:00Z,2017-01-07T19:35:00Z,Boeing 737-300,Moscow,Anapa,118,103,1263800.00,12,11,402600.00,0,0,
136609,PG0480,2017-01-08T09:25:00Z,2017-01-08T10:15:00Z,AAQ,EGO,Arrived,SU9,2017-01-08T09:28:00Z,2017-01-08T10:18:00Z,Sukhoi Superjet-100,Anapa,Belgorod,85,71,450300.00,12,10,189000.00,0,0,
202640,PG0481,2017-01-08T10:00:00Z,2017-01-08T10:50:00Z,EGO,AAQ,Arrived,SU9,2017-01-08T10:06:00Z,2017-01-08T10:55:00Z,Sukhoi Superjet-100,Belgorod,Anapa,85,74,468600.00,12,11,207900.00,0,0,
136122,PG0252,2017-01-08T10:05:00Z,2017-01-08T11:45:00Z,AAQ,SVO,Arrived,733,2017-01-08T10:08:00Z,2017-01-08T11:48:00Z,Boeing 737-300,Anapa,Moscow,118,87,1065000.00,12,10,366000.00,0,0,
41479,PG0251,2017-01-08T15:05:00Z,2017-01-08T16:45:00Z,SVO,AAQ,Arrived,733,2017-01-08T15:09:00Z,2017-01-08T16:49:00Z,Boeing 737-300,Moscow,Anapa,118,107,1312600.00,12,9,329400.00,0,0,
136733,PG0480,2017-01-09T09:25:00Z,2017-01-09T10:15:00Z,AAQ,EGO,Arrived,SU9,2017-01-09T09:27:00Z,2017-01-09T10:18:00Z,Sukhoi Superjet-100,Anapa,Belgorod,85,82,519600.00,12,12,226800.00,0,0,
202812,PG0481,2017-01-09T10:00:00Z,2017-01-09T10:50:00Z,EGO,AAQ,Arrived,SU9,2017-01-09T10:04:00Z,2017-01-09T10:54:00Z,Sukhoi Superjet-100,Belgorod,Anapa,85,83,525900.00,12,12,226800.00,0,0,
136464,PG0252,2017-01-09T10:05:00Z,2017-01-09T11:45:00Z,AAQ,SVO,Arrived,733,2017-01-09T10:07:00Z,2017-01-09T11:47:00Z,Boeing 737-300,Anapa,Moscow,118,93,1141800.00,12,7,256200.00,0,0,
41486,PG0251,2017-01-09T15:05:00Z,2017-01-09T16:45:00Z,SVO,AAQ,Arrived,733,2017-01-09T15:06:00Z,2017-01-09T16:47:00Z,Boeing 737-300,Moscow,Anapa,118,99,1215000.00,12,10,366000.00,0,0,
136586,PG0480,2017-01-10T09:25:00Z,2017-01-10T10:15:00Z,AAQ,EGO,Arrived,SU9,2017-01-10T09:28:00Z,2017-01-10T10:18:00Z,Sukhoi Superjet-100,Anapa,Belgorod,85,84,532200.00,12,12,226800.00,0,0,
202797,PG0481,2017-01-10T10:00:00Z,2017-01-10T10:50:00Z,EGO,AAQ,Arrived,SU9,2017-01-10T10:07:00Z,2017-01-10T10:58:00Z,Sukhoi Superjet-100,Belgorod,Anapa,85,83,525900.00,12,11,207900.00,0,0,
136423,PG0252,2017-01-10T10:05:00Z,2017-01-10T11:45:00Z,AAQ,SVO,Arrived,733,2017-01-10T10:12:00Z,2017-01-10T11:52:00Z,Boeing 737-300,Anapa,Moscow,118,118,1446800.00,12,11,402600.00,0,0,
41492,PG0251,2017-01-10T15:05:00Z,2017-01-10T16:45:00Z,SVO,AAQ,Arrived,733,2017-01-10T15:13:00Z,2017-01-10T16:53:00Z,Boeing 737-300,Moscow,Anapa,118,108,1324800.00,12,12,439200.00,0,0,
202637,PG0481,2017-01-11T10:00:00Z,2017-01-11T10:50:00Z,EGO,AAQ,Arrived,SU9,2017-01-11T10:00:00Z,2017-01-11T10:51:00Z,Sukhoi Superjet-100,Belgorod,Anapa,85,82,519600.00,12,12,226800.00,0,0,
136366,PG0252,2017-01-11T10:05:00Z,2017-01-11T11:45:00Z,AAQ,SVO,Arrived,733,2017-01-11T10:08:00Z,2017-01-11T11:47:00Z,Boeing 737-300,Anapa,Moscow,118,92,1124800.00,12,11,402600.00,0,0,
136855,PG0480,2017-01-11T09:25:00Z,2017-01-11T10:15:00Z,AAQ,EGO,Arrived,SU9,2017-01-11T12:07:00Z,2017-01-11T12:57:00Z,Sukhoi Superjet-100,Anapa,Belgorod,85,75,475500.00,12,12,226800.00,0,0,
41500,PG0251,2017-01-11T15:05:00Z,2017-01-11T16:45:00Z,SVO,AAQ,Arrived,733,2017-01-11T15:10:00Z,2017-01-11T16:50:00Z,Boeing 737-300,Moscow,Anapa,118,98,1201600.00,12,10,366000.00,0,0,
136758,PG0480,2017-01-12T09:25:00Z,2017-01-12T10:15:00Z,AAQ,EGO,Arrived,SU9,2017-01-12T09:26:00Z,2017-01-12T10:15:00Z,Sukhoi Superjet-100,Anapa,Belgorod,85,85,538500.00,12,12,226800.00,0,0,
202558,PG0481,2017-01-12T10:00:00Z,2017-01-12T10:50:00Z,EGO,AAQ,Arrived,SU9,2017-01-12T10:03:00Z,2017-01-12T10:53:00Z,Sukhoi Superjet-100,Belgorod,Anapa,85,84,532200.00,12,10,189000.00,0,0,
136316,PG0252,2017-01-12T10:05:00Z,2017-01-12T11:45:00Z,AAQ,SVO,Arrived,733,2017-01-12T10:07:00Z,2017-01-12T11:47:00Z,Boeing 737-300,Anapa,Moscow,118,118,1446800.00,12,12,439200.00,0,0,
41507,PG0251,2017-01-12T15:05:00Z,2017-01-12T16:45:00Z,SVO,AAQ,Arrived,733,2017-01-12T15:08:00Z,2017-01-12T16:48:00Z,Boeing 737-300,Moscow,Anapa,118,104,1274800.00,12,9,329400.00,0,0,
136871,PG0480,2017-01-13T09:25:00Z,2017-01-13T10:15:00Z,AAQ,EGO,Arrived,SU9,2017-01-13T09:28:00Z,2017-01-13T10:18:00Z,Sukhoi Superjet-100,Anapa,Belgorod,85,85,538500.00,12,12,226800.00,0,0,
202863,PG0481,2017-01-13T10:00:00Z,2017-01-13T10:50:00Z,EGO,AAQ,Arrived,SU9,2017-01-13T10:02:00Z,2017-01-13T10:52:00Z,Sukhoi Superjet-100,Belgorod,Anapa,85,78,494400.00,12,12,226800.00,0,0,
136275,PG0252,2017-01-13T10:05:00Z,2017-01-13T11:45:00Z,AAQ,SVO,Arrived,733,2017-01-13T10:08:00Z,2017-01-13T11:46:00Z,Boeing 737-300,Anapa,Moscow,118,113,1385800.00,12,12,439200.00,0,0,
41516,PG0251,2017-01-13T15:05:00Z,2017-01-13T16:45:00Z,SVO,AAQ,Arrived,733,2017-01-13T15:08:00Z,2017-01-13T16:47:00Z,Boeing 737-300,Moscow,Anapa,118,100,1226000.00,12,10,366000.00,0,0,
136781,PG0480,2017-01-14T09:25:00Z,2017-01-14T10:15:00Z,AAQ,EGO,Arrived,SU9,2017-01-14T09:26:00Z,2017-01-14T10:16:00Z,Sukhoi Superjet-100,Anapa,Belgorod,85,85,538500.00,12,12,226800.00,0,0,
202754,PG0481,2017-01-14T10:00:00Z,2017-01-14T10:50:00Z,EGO,AAQ,Arrived,SU9,2017-01-14T10:01:00Z,2017-01-14T10:52:00Z,Sukhoi Superjet-100,Belgorod,Anapa,85,84,532200.00,12,12,226800.00,0,0,
136185,PG0252,2017-01-14T10:05:00Z,2017-01-14T11:45:00Z,AAQ,SVO,Arrived,733,2017-01-14T10:06:00Z,2017-01-14T11:49:00Z,Boeing 737-300,Anapa,Moscow,118,94,1154000.00,12,10,366000.00,0,0,
41521,PG0251,2017-01-14T15:05:00Z,2017-01-14T16:45:00Z,SVO,AAQ,Arrived,733,2017-01-14T15:07:00Z,2017-01-14T16:47:00Z,Boeing 737-300,Moscow,Anapa,118,110,1349200.00,12,10,366000.00,0,0,
136709,PG0480,2017-01-15T09:25:00Z,2017-01-15T10:15:00Z,AAQ,EGO,Arrived,SU9,2017-01-15T09:28:00Z,2017-01-15T10:18:00Z,Sukhoi Superjet-100,Anapa,Belgorod,85,76,481800.00,12,11,207900.00,0,0,
202805,PG0481,2017-01-15T10:00:00Z,2017-01-15T10:50:00Z,EGO,AAQ,Arrived,SU9,2017-01-15T10:03:00Z,2017-01-15T10:53:00Z,Sukhoi Superjet-100,Belgorod,Anapa,85,82,519000.00,12,12,226800.00,0,0,
136172,PG0252,2017-01-15T10:05:00Z,2017-01-15T11:45:00Z,AAQ,SVO,Arrived,733,2017-01-15T10:05:00Z,2017-01-15T11:44:00Z,Boeing 737-300,Anapa,Moscow,118,99,1215000.00,12,11,402600.00,0,0,
41528,PG0251,2017-01-15T15:05:00Z,2017-01-15T16:45:00Z,SVO,AAQ,Arrived,733,2017-01-15T15:09:00Z,2017-01-15T16:49:00Z,Boeing 737-300,Moscow,Anapa,118,109,1337000.00,12,10,366000.00,0,0,
136907,PG0480,2017-01-16T09:25:00Z,2017-01-16T10:15:00Z,AAQ,EGO,Arrived,SU9,2017-01-16T09:31:00Z,2017-01-16T10:22:00Z,Sukhoi Superjet-100,Anapa,Belgorod,85,84,532200.00,12,12,226800.00,0,0,
202898,PG0481,2017-01-16T10:00:00Z,2017-01-16T10:50:00Z,EGO,AAQ,Arrived,SU9,2017-01-16T10:02:00Z,2017-01-16T10:51:00Z,Sukhoi Superjet-100,Belgorod,Anapa,85,77,488100.00,12,8,151200.00,0,0,
136282,PG0252,2017-01-16T10:05:00Z,2017-01-16T11:45:00Z,AAQ,SVO,Arrived,733,2017-01-16T10:07:00Z,2017-01-16T11:48:00Z,Boeing 737-300,Anapa,Moscow,118,97,1189400.00,12,9,329400.00,0,0,
41535,PG0251,2017-01-16T15:05:00Z,2017-01-16T16:45:00Z,SVO,AAQ,Arrived,733,2017-01-16T15:07:00Z,2017-01-16T16:47:00Z,Boeing 737-300,Moscow,Anapa,118,114,1398000.00,12,12,439200.00,0,0,
136669,PG0480,2017-01-17T09:25:00Z,2017-01-17T10:15:00Z,AAQ,EGO,Arrived,SU9,2017-01-17T09:26:00Z,2017-01-17T10:17:00Z,Sukhoi Superjet-100,Anapa,Belgorod,85,83,525900.00,12,12,226800.00,0,0,
202606,PG0481,2017-01-17T10:00:00Z,2017-01-17T10:50:00Z,EGO,AAQ,Arrived,SU9,2017-01-17T10:00:00Z,2017-01-17T10:49:00Z,Sukhoi Superjet-100,Belgorod,Anapa,85,82,519600.00,12,11,207900.00,0,0,
136471,PG0252,2017-01-17T10:05:00Z,2017-01-17T11:45:00Z,AAQ,SVO,Arrived,733,2017-01-17T10:11:00Z,2017-01-17T11:51:00Z,Boeing 737-300,Anapa,Moscow,118,108,1323600.00,12,12,439200.00,0,0,
41543,PG0251,2017-01-17T15:05:00Z,2017-01-17T16:45:00Z,SVO,AAQ,Arrived,733,2017-01-17T15:10:00Z,2017-01-17T16:52:00Z,Boeing 737-300,Moscow,Anapa,118,96,1178400.00,12,9,329400.00,0,0,
136649,PG0480,2017-01-18T09:25:00Z,2017-01-18T10:15:00Z,AAQ,EGO,Arrived,SU9,2017-01-18T09:25:00Z,2017-01-18T10:15:00Z,Sukhoi Superjet-100,Anapa,Belgorod,85,84,532200.00,12,12,226800.00,0,0,
202687,PG0481,2017-01-18T10:00:00Z,2017-01-18T10:50:00Z,EGO,AAQ,Arrived,SU9,2017-01-18T10:04:00Z,2017-01-18T10:55:00Z,Sukhoi Superjet-100,Belgorod,Anapa,85,81,513300.00,12,12,226800.00,0,0,
136389,PG0252,2017-01-18T10:05:00Z,2017-01-18T11:45:00Z,AAQ,SVO,Arrived,733,2017-01-18T10:10:00Z,2017-01-18T11:50:00Z,Boeing 737-300,Anapa,Moscow,118,117,1434600.00,12,12,439200.00,0,0,
41552,PG0251,2017-01-18T15:05:00Z,2017-01-18T16:45:00Z,SVO,AAQ,Arrived,733,2017-01-18T15:06:00Z,2017-01-18T16:46:00Z,Boeing 737-300,Moscow,Anapa,118,117,1434600.00,12,12,439200.00,0,0,
136654,PG0480,2017-01-19T09:25:00Z,2017-01-19T10:15:00Z,AAQ,EGO,Arrived,SU9,2017-01-19T09:28:00Z,2017-01-19T10:17:00Z,Sukhoi Superjet-100,Anapa,Belgorod,85,84,532200.00,12,12,226800.00,0,0,
202911,PG0481,2017-01-19T10:00:00Z,2017-01-19T10:50:00Z,EGO,AAQ,Arrived,SU9,2017-01-19T10:02:00Z,2017-01-19T10:52:00Z,Sukhoi Superjet-100,Belgorod,Anapa,85,81,512700.00,12,12,226800.00,0,0,
136387,PG0252,2017-01-19T10:05:00Z,2017-01-19T11:45:00Z,AAQ,SVO,Arrived,733,2017-01-19T10:08:00Z,2017-01-19T11:47:00Z,Boeing 737-300,Anapa,Moscow,118,109,1335800.00,12,12,439200.00,0,0,
41559,PG0251,2017-01-19T15:05:00Z,2017-01-19T16:45:00Z,SVO,AAQ,Arrived,733,2017-01-19T15:12:00Z,2017-01-19T16:53:00Z,Boeing 737-300,Moscow,Anapa,118,102,1250400.00,12,10,366000.00,0,0,
136887,PG0480,2017-01-20T09:25:00Z,2017-01-20T10:15:00Z,AAQ,EGO,Arrived,SU9,2017-01-20T09:30:00Z,2017-01-20T10:19:00Z,Sukhoi Superjet-100,Anapa,Belgorod,85,70,444000.00,12,8,151200.00,0,0,
202916,PG0481,2017-01-20T10:00:00Z,2017-01-20T10:50:00Z,EGO,AAQ,Arrived,SU9,2017-01-20T10:01:00Z,2017-01-20T10:50:00Z,Sukhoi Superjet-100,Belgorod,Anapa,85,82,519600.00,12,12,226800.00,0,0,
136463,PG0252,2017-01-20T10:05:00Z,2017-01-20T11:45:00Z,AAQ,SVO,Arrived,733,2017-01-20T10:06:00Z,2017-01-20T11:45:00Z,Boeing 737-300,Anapa,Moscow,118,110,1349200.00,12,12,439200.00,0,0,
41565,PG0251,2017-01-20T15:05:00Z,2017-01-20T16:45:00Z,SVO,AAQ,Arrived,733,2017-01-20T15:12:00Z,2017-01-20T16:53:00Z,Boeing 737-300,Moscow,Anapa,118,101,1239400.00,12,11,402600.00,0,0,
136755,PG0480,2017-01-21T09:25:00Z,2017-01-21T10:15:00Z,AAQ,EGO,Arrived,SU9,2017-01-21T09:30:00Z,2017-01-21T10:20:00Z,Sukhoi Superjet-100,Anapa,Belgorod,85,85,538500.00,12,12,226800.00,0,0,
202859,PG0481,2017-01-21T10:00:00Z,2017-01-21T10:50:00Z,EGO,AAQ,Arrived,SU9,2017-01-21T10:00:00Z,2017-01-21T10:50:00Z,Sukhoi Superjet-100,Belgorod,Anapa,85,85,538500.00,12,12,226800.00,0,0,
136428,PG0252,2017-01-21T10:05:00Z,2017-01-21T11:45:00Z,AAQ,SVO,Arrived,733,2017-01-21T10:08:00Z,2017-01-21T11:47:00Z,Boeing 737-300,Anapa,Moscow,118,104,1276000.00,12,11,402600.00,0,0,
41572,PG0251,2017-01-21T15:05:00Z,2017-01-21T16:45:00Z,SVO,AAQ,Arrived,733,2017-01-21T15:08:00Z,2017-01-21T16:48:00Z,Boeing 737-300,Moscow,Anapa,118,97,1189400.00,12,11,402600.00,0,0,
136927,PG0480,2017-01-22T09:25:00Z,2017-01-22T10:15:00Z,AAQ,EGO,Arrived,SU9,2017-01-22T09:28:00Z,2017-01-22T10:19:00Z,Sukhoi Superjet-100,Anapa,Belgorod,85,85,538500.00,12,12,226800.00,0,0,
136310,PG0252,2017-01-22T10:05:00Z,2017-01-22T11:45:00Z,AAQ,SVO,Arrived,733,2017-01-22T10:07:00Z,2017-01-22T11:47:00Z,Boeing 737-300,Anapa,Moscow,118,108,1324800.00,12,9,329400.00,0,0,
202913,PG0481,2017-01-22T10:00:00Z,2017-01-22T10:50:00Z,EGO,AAQ,Arrived,SU9,2017-01-22T13:23:00Z,2017-01-22T14:13:00Z,Sukhoi Superjet-100,Belgorod,Anapa,85,80,507000.00,12,12,226800.00,0,0,
41580,PG0251,2017-01-22T15:05:00Z,2017-01-22T16:45:00Z,SVO,AAQ,Arrived,733,2017-01-22T15:07:00Z,2017-01-22T16:46:00Z,Boeing 737-300,Moscow,Anapa,118,118,1446800.00,12,12,439200.00,0,0,
136767,PG0480,2017-01-23T09:25:00Z,2017-01-23T10:15:00Z,AAQ,EGO,Arrived,SU9,2017-01-23T09:27:00Z,2017-01-23T10:18:00Z,Sukhoi Superjet-100,Anapa,Belgorod,85,73,462300.00,12,10,189000.00,0,0,
202701,PG0481,2017-01-23T10:00:00Z,2017-01-23T10:50:00Z,EGO,AAQ,Arrived,SU9,2017-01-23T10:03:00Z,2017-01-23T10:52:00Z,Sukhoi Superjet-100,Belgorod,Anapa,85,84,532200.00,12,12,226800.00,0,0,
136293,PG0252,2017-01-23T10:05:00Z,2017-01-23T11:45:00Z,AAQ,SVO,Arrived,733,2017-01-23T10:09:00Z,2017-01-23T11:48:00Z,Boeing 737-300,Anapa,Moscow,118,102,1250400.00,12,12,439200.00,0,0,
41585,PG0251,2017-01-23T15:05:00Z,2017-01-23T16:45:00Z,SVO,AAQ,Arrived,733,2017-01-23T15:06:00Z,2017-01-23T16:46:00Z,Boeing 737-300,Moscow,Anapa,118,107,1312600.00,12,10,366000.00,0,0,
136838,PG0480,2017-01-24T09:25:00Z,2017-01-24T10:15:00Z,AAQ,EGO,Arrived,SU9,2017-01-24T09:30:00Z,2017-01-24T10:21:00Z,Sukhoi Superjet-100,Anapa,Belgorod,85,76,481200.00,12,10,189000.00,0,0,
202815,PG0481,2017-01-24T10:00:00Z,2017-01-24T10:50:00Z,EGO,AAQ,Arrived,SU9,2017-01-24T10:03:00Z,2017-01-24T10:53:00Z,Sukhoi Superjet-100,Belgorod,Anapa,85,84,532200.00,12,12,226800.00,0,0,
136345,PG0252,2017-01-24T10:05:00Z,2017-01-24T11:45:00Z,AAQ,SVO,Arrived,733,2017-01-24T13:32:00Z,2017-01-24T15:12:00Z,Boeing 737-300,Anapa,Moscow,118,100,1224800.00,12,8,292800.00,0,0,
41594,PG0251,2017-01-24T15:05:00Z,2017-01-24T16:45:00Z,SVO,AAQ,Arrived,733,2017-01-24T15:08:00Z,2017-01-24T16:49:00Z,Boeing 737-300,Moscow,Anapa,118,107,1311400.00,12,10,366000.00,0,0,
136571,PG0480,2017-01-25T09:25:00Z,2017-01-25T10:15:00Z,AAQ,EGO,Arrived,SU9,2017-01-25T09:28:00Z,2017-01-25T10:18:00Z,Sukhoi Superjet-100,Anapa,Belgorod,85,83,525900.00,12,12,226800.00,0,0,
202889,PG0481,2017-01-25T10:00:00Z,2017-01-25T10:50:00Z,EGO,AAQ,Arrived,SU9,2017-01-25T10:04:00Z,2017-01-25T10:54:00Z,Sukhoi Superjet-100,Belgorod,Anapa,85,76,481800.00,12,12,226800.00,0,0,
136383,PG0252,2017-01-25T10:05:00Z,2017-01-25T11:45:00Z,AAQ,SVO,Arrived,733,2017-01-25T10:09:00Z,2017-01-25T11:51:00Z,Boeing 737-300,Anapa,Moscow,118,98,1200400.00,12,8,292800.00,0,0,
41601,PG0251,2017-01-25T15:05:00Z,2017-01-25T16:45:00Z,SVO,AAQ,Arrived,733,2017-01-25T15:11:00Z,2017-01-25T16:51:00Z,Boeing 737-300,Moscow,Anapa,118,116,1422400.00,12,12,439200.00,0,0,
136720,PG0480,2017-01-26T09:25:00Z,2017-01-26T10:15:00Z,AAQ,EGO,Arrived,SU9,2017-01-26T09:29:00Z,2017-01-26T10:19:00Z,Sukhoi Superjet-100,Anapa,Belgorod,85,83,525900.00,12,12,226800.00,0,0,
202870,PG0481,2017-01-26T10:00:00Z,2017-01-26T10:50:00Z,EGO,AAQ,Arrived,SU9,2017-01-26T10:01:00Z,2017-01-26T10:50:00Z,Sukhoi Superjet-100,Belgorod,Anapa,85,79,500100.00,12,12,226800.00,0,0,
136436,PG0252,2017-01-26T10:05:00Z,2017-01-26T11:45:00Z,AAQ,SVO,Arrived,733,2017-01-26T10:08:00Z,2017-01-26T11:47:00Z,Boeing 737-300,Anapa,Moscow,118,112,1372400.00,12,12,439200.00,0,0,
41605,PG0251,2017-01-26T15:05:00Z,2017-01-26T16:45:00Z,SVO,AAQ,Arrived,733,2017-01-26T15:06:00Z,2017-01-26T16:46:00Z,Boeing 737-300,Moscow,Anapa,118,111,1360200.00,12,11,402600.00,0,0,
136757,PG0480,2017-01-27T09:25:00Z,2017-01-27T10:15:00Z,AAQ,EGO,Arrived,SU9,2017-01-27T09:30:00Z,2017-01-27T10:19:00Z,Sukhoi Superjet-100,Anapa,Belgorod,85,85,538500.00,12,12,226800.00,0,0,
202666,PG0481,2017-01-27T10:00:00Z,2017-01-27T10:50:00Z,EGO,AAQ,Arrived,SU9,2017-01-27T10:03:00Z,2017-01-27T10:54:00Z,Sukhoi Superjet-100,Belgorod,Anapa,85,76,481800.00,12,10,189000.00,0,0,
136485,PG0252,2017-01-27T10:05:00Z,2017-01-27T11:45:00Z,AAQ,SVO,Arrived,733,2017-01-27T10:07:00Z,2017-01-27T11:47:00Z,Boeing 737-300,Anapa,Moscow,118,97,1190600.00,12,9,329400.00,0,0,
41615,PG0251,2017-01-27T15:05:00Z,2017-01-27T16:45:00Z,SVO,AAQ,Arrived,733,2017-01-27T15:12:00Z,2017-01-27T16:53:00Z,Boeing 737-300,Moscow,Anapa,118,102,1250400.00,12,11,402600.00,0,0,
136678,PG0480,2017-01-28T09:25:00Z,2017-01-28T10:15:00Z,AAQ,EGO,Arrived,SU9,2017-01-28T09:27:00Z,2017-01-28T10:17:00Z,Sukhoi Superjet-100,Anapa,Belgorod,85,70,442200.00,12,10,189000.00,0,0,
202569,PG0481,2017-01-28T10:00:00Z,2017-01-28T10:50:00Z,EGO,AAQ,Arrived,SU9,2017-01-28T10:01:00Z,2017-01-28T10:51:00Z,Sukhoi Superjet-100,Belgorod,Anapa,85,81,513300.00,12,12,226800.00,0,0,
136131,PG0252,2017-01-28T10:05:00Z,2017-01-28T11:45:00Z,AAQ,SVO,Arrived,733,2017-01-28T10:07:00Z,2017-01-28T11:46:00Z,Boeing 737-300,Anapa,Moscow,118,112,1373600.00,12,12,439200.00,0,0,
41623,PG0251,2017-01-28T15:05:00Z,2017-01-28T16:45:00Z,SVO,AAQ,Arrived,733,2017-01-28T15:06:00Z,2017-01-28T16:47:00Z,Boeing 737-300,Moscow,Anapa,118,100,1227200.00,12,9,329400.00,0,0,
136729,PG0480,2017-01-29T09:25:00Z,2017-01-29T10:15:00Z,AAQ,EGO,Arrived,SU9,2017-01-29T09:29:00Z,2017-01-29T10:19:00Z,Sukhoi Superjet-100,Anapa,Belgorod,85,77,487500.00,12,11,207900.00,0,0,
202565,PG0481,2017-01-29T10:00:00Z,2017-01-29T10:50:00Z,EGO,AAQ,Arrived,SU9,2017-01-29T10:02:00Z,2017-01-29T10:53:00Z,Sukhoi Superjet-100,Belgorod,Anapa,85,81,512700.00,12,11,207900.00,0,0,
136178,PG0252,2017-01-29T10:05:00Z,2017-01-29T11:45:00Z,AAQ,SVO,Arrived,733,2017-01-29T10:10:00Z,2017-01-29T11:49:00Z,Boeing 737-300,Anapa,Moscow,118,90,1105200.00,12,9,329400.00,0,0,
41628,PG0251,2017-01-29T15:05:00Z,2017-01-29T16:45:00Z,SVO,AAQ,Arrived,733,2017-01-29T15:09:00Z,2017-01-29T16:50:00Z,Boeing 737-300,Moscow,Anapa,118,115,1410200.00,12,11,402600.00,0,0,
136642,PG0480,2017-01-30T09:25:00Z,2017-01-30T10:15:00Z,AAQ,EGO,Arrived,SU9,2017-01-30T09:28:00Z,2017-01-30T10:17:00Z,Sukhoi Superjet-100,Anapa,Belgorod,85,54,342000.00,12,10,189000.00,0,0,
202649,PG0481,2017-01-30T10:00:00Z,2017-01-30T10:50:00Z,EGO,AAQ,Arrived,SU9,2017-01-30T10:02:00Z,2017-01-30T10:51:00Z,Sukhoi Superjet-100,Belgorod,Anapa,85,81,513300.00,12,12,226800.00,0,0,
136226,PG0252,2017-01-30T10:05:00Z,2017-01-30T11:45:00Z,AAQ,SVO,Arrived,733,2017-01-30T10:08:00Z,2017-01-30T11:48:00Z,Boeing 737-300,Anapa,Moscow,118,118,1446800.00,12,12,439200.00,0,0,
41634,PG0251,2017-01-30T15:05:00Z,2017-01-30T16:45:00Z,SVO,AAQ,Arrived,733,2017-01-30T15:09:00Z,2017-01-30T16:48:00Z,Boeing 737-300,Moscow,Anapa,118,103,1261400.00,12,12,439200.00,0,0,
136869,PG0480,2017-01-31T09:25:00Z,2017-01-31T10:15:00Z,AAQ,EGO,Arrived,SU9,2017-01-31T09:26:00Z,2017-01-31T10:16:00Z,Sukhoi Superjet-100,Anapa,Belgorod,85,85,538500.00,12,12,226800.00,0,0,
202891,PG0481,2017-01-31T10:00:00Z,2017-01-31T10:50:00Z,EGO,AAQ,Arrived,SU9,2017-01-31T10:03:00Z,2017-01-31T10:53:00Z,Sukhoi Superjet-100,Belgorod,Anapa,85,81,513300.00,12,11,207900.00,0,0,
136181,PG0252,2017-01-31T10:05:00Z,2017-01-31T11:45:00Z,AAQ,SVO,Arrived,733,2017-01-31T10:05:00Z,2017-01-31T11:44:00Z,Boeing 737-300,Anapa,Moscow,118,108,1323600.00,12,10,366000.00,0,0,
41246,PG0251,2017-01-31T15:05:00Z,2017-01-31T16:45:00Z,SVO,AAQ,Arrived,733,2017-01-31T15:08:00Z,2017-01-31T16:48:00Z,Boeing 737-300,Moscow,Anapa,118,102,1251600.00,12,11,402600.00,0,0,
136900,PG0480,2017-02-01T09:25:00Z,2017-02-01T10:15:00Z,AAQ,EGO,Arrived,SU9,2017-02-01T09:30:00Z,2017-02-01T10:21:00Z,Sukhoi Superjet-100,Anapa,Belgorod,85,85,538500.00,12,12,226800.00,0,0,
202542,PG0481,2017-02-01T10:00:00Z,2017-02-01T10:50:00Z,EGO,AAQ,Arrived,SU9,2017-02-01T10:05:00Z,2017-02-01T10:54:00Z,Sukhoi Superjet-100,Belgorod,Anapa,85,84,531600.00,12,12,226800.00,0,0,
136135,PG0252,2017-02-01T10:05:00Z,2017-02-01T11:45:00Z,AAQ,SVO,Arrived,733,2017-02-01T10:08:00Z,2017-02-01T11:48:00Z,Boeing 737-300,Anapa,Moscow,118,104,1276000.00,12,11,402600.00,0,0,
41253,PG0251,2017-02-01T15:05:00Z,2017-02-01T16:45:00Z,SVO,AAQ,Arrived,733,2017-02-01T15:09:00Z,2017-02-01T16:49:00Z,Boeing 737-300,Moscow,Anapa,118,103,1263800.00,12,12,439200.00,0,0,
136951,PG0480,2017-02-02T09:25:00Z,2017-02-02T10:15:00Z,AAQ,EGO,Arrived,SU9,2017-02-02T09:28:00Z,2017-02-02T10:17:00Z,Sukhoi Superjet-100,Anapa,Belgorod,85,78,493800.00,12,12,226800.00,0,0,
202596,PG0481,2017-02-02T10:00:00Z,2017-02-02T10:50:00Z,EGO,AAQ,Arrived,SU9,2017-02-02T10:00:00Z,2017-02-02T10:49:00Z,Sukhoi Superjet-100,Belgorod,Anapa,85,75,474900.00,12,10,189000.00,0,0,
136486,PG0252,2017-02-02T10:05:00Z,2017-02-02T11:45:00Z,AAQ,SVO,Arrived,733,2017-02-02T10:07:00Z,2017-02-02T11:48:00Z,Boeing 737-300,Anapa,Moscow,118,99,1212600.00,12,8,292800.00,0,0,
41260,PG0251,2017-02-02T15:05:00Z,2017-02-02T16:45:00Z,SVO,AAQ,Arrived,733,2017-02-02T18:02:00Z,2017-02-02T19:41:00Z,Boeing 737-300,Moscow,Anapa,118,104,1274800.00,12,9,329400.00,0,0,
136672,PG0480,2017-02-03T09:25:00Z,2017-02-03T10:15:00Z,AAQ,EGO,Arrived,SU9,2017-02-03T09:28:00Z,2017-02-03T10:18:00Z,Sukhoi Superjet-100,Anapa,Belgorod,85,84,532200.00,12,12,226800.00,0,0,
202707,PG0481,2017-02-03T10:00:00Z,2017-02-03T10:50:00Z,EGO,AAQ,Arrived,SU9,2017-02-03T10:03:00Z,2017-02-03T10:53:00Z,Sukhoi Superjet-100,Belgorod,Anapa,85,81,513300.00,12,12,226800.00,0,0,
136441,PG0252,2017-02-03T10:05:00Z,2017-02-03T11:45:00Z,AAQ,SVO,Arrived,733,2017-02-03T10:07:00Z,2017-02-03T11:47:00Z,Boeing 737-300,Anapa,Moscow,118,117,1434600.00,12,11,402600.00,0,0,
41259,PG0251,2017-02-03T15:05:00Z,2017-02-03T16:45:00Z,SVO,AAQ,Arrived,733,2017-02-03T15:09:00Z,2017-02-03T16:49:00Z,Boeing 737-300,Moscow,Anapa,118,102,1251600.00,12,10,366000.00,0,0,
136956,PG0480,2017-02-04T09:25:00Z,2017-02-04T10:15:00Z,AAQ,EGO,Arrived,SU9,2017-02-04T09:33:00Z,2017-02-04T10:23:00Z,Sukhoi Superjet-100,Anapa,Belgorod,85,85,538500.00,12,11,207900.00,0,0,
202628,PG0481,2017-02-04T10:00:00Z,2017-02-04T10:50:00Z,EGO,AAQ,Arrived,SU9,2017-02-04T10:03:00Z,2017-02-04T10:52:00Z,Sukhoi Superjet-100,Belgorod,Anapa,85,85,538500.00,12,10,189000.00,0,0,
136411,PG0252,2017-02-04T10:05:00Z,2017-02-04T11:45:00Z,AAQ,SVO,Arrived,733,2017-02-04T10:06:00Z,2017-02-04T11:46:00Z,Boeing 737-300,Anapa,Moscow,118,100,1224800.00,12,10,366000.00,0,0,
41258,PG0251,2017-02-04T15:05:00Z,2017-02-04T16:45:00Z,SVO,AAQ,Arrived,733,2017-02-04T15:12:00Z,2017-02-04T16:52:00Z,Boeing 737-300,Moscow,Anapa,118,97,1189400.00,12,10,366000.00,0,0,
136823,PG0480,2017-02-05T09:25:00Z,2017-02-05T10:15:00Z,AAQ,EGO,Arrived,SU9,2017-02-05T09:27:00Z,2017-02-05T10:18:00Z,Sukhoi Superjet-100,Anapa,Belgorod,85,68,431400.00,12,10,189000.00,0,0,
202682,PG0481,2017-02-05T10:00:00Z,2017-02-05T10:50:00Z,EGO,AAQ,Arrived,SU9,2017-02-05T10:03:00Z,2017-02-05T10:53:00Z,Sukhoi Superjet-100,Belgorod,Anapa,85,76,481800.00,12,11,207900.00,0,0,
136360,PG0252,2017-02-05T10:05:00Z,2017-02-05T11:45:00Z,AAQ,SVO,Arrived,733,2017-02-05T10:08:00Z,2017-02-05T11:48:00Z,Boeing 737-300,Anapa,Moscow,118,86,1052800.00,12,11,402600.00,0,0,
41250,PG0251,2017-02-05T15:05:00Z,2017-02-05T16:45:00Z,SVO,AAQ,Arrived,733,2017-02-05T15:13:00Z,2017-02-05T16:56:00Z,Boeing 737-300,Moscow,Anapa,118,105,1288200.00,12,10,366000.00,0,0,
136754,PG0480,2017-02-06T09:25:00Z,2017-02-06T10:15:00Z,AAQ,EGO,Arrived,SU9,2017-02-06T09:29:00Z,2017-02-06T10:18:00Z,Sukhoi Superjet-100,Anapa,Belgorod,85,78,494400.00,12,12,226800.00,0,0,
202543,PG0481,2017-02-06T10:00:00Z,2017-02-06T10:50:00Z,EGO,AAQ,Arrived,SU9,2017-02-06T10:03:00Z,2017-02-06T10:53:00Z,Sukhoi Superjet-100,Belgorod,Anapa,85,79,500700.00,12,12,226800.00,0,0,
136322,PG0252,2017-02-06T10:05:00Z,2017-02-06T11:45:00Z,AAQ,SVO,Arrived,733,2017-02-06T10:11:00Z,2017-02-06T11:52:00Z,Boeing 737-300,Anapa,Moscow,118,98,1201600.00,12,10,366000.00,0,0,
41636,PG0251,2017-02-06T15:05:00Z,2017-02-06T16:45:00Z,SVO,AAQ,Arrived,733,2017-02-06T15:07:00Z,2017-02-06T16:47:00Z,Boeing 737-300,Moscow,Anapa,118,105,1287000.00,12,11,402600.00,0,0,
136841,PG0480,2017-02-07T09:25:00Z,2017-02-07T10:15:00Z,AAQ,EGO,Arrived,SU9,2017-02-07T09:25:00Z,2017-02-07T10:16:00Z,Sukhoi Superjet-100,Anapa,Belgorod,85,85,538500.00,12,12,226800.00,0,0,
202810,PG0481,2017-02-07T10:00:00Z,2017-02-07T10:50:00Z,EGO,AAQ,Arrived,SU9,2017-02-07T10:01:00Z,2017-02-07T10:51:00Z,Sukhoi Superjet-100,Belgorod,Anapa,85,79,500700.00,12,11,207900.00,0,0,
136284,PG0252,2017-02-07T10:05:00Z,2017-02-07T11:45:00Z,AAQ,SVO,Arrived,733,2017-02-07T10:07:00Z,2017-02-07T11:48:00Z,Boeing 737-300,Anapa,Moscow,118,107,1311400.00,12,10,366000.00,0,0,
41633,PG0251,2017-02-07T15:05:00Z,2017-02-07T16:45:00Z,SVO,AAQ,Arrived,733,2017-02-07T15:12:00Z,2017-02-07T16:51:00Z,Boeing 737-300,Moscow,Anapa,118,109,1335800.00,12,12,439200.00,0,0,
136600,PG0480,2017-02-08T09:25:00Z,2017-02-08T10:15:00Z,AAQ,EGO,Arrived,SU9,2017-02-08T09:26:00Z,2017-02-08T10:16:00Z,Sukhoi Superjet-100,Anapa,Belgorod,85,85,538500.00,12,12,226800.00,0,0,
202777,PG0481,2017-02-08T10:00:00Z,2017-02-08T10:50:00Z,EGO,AAQ,Arrived,SU9,2017-02-08T10:05:00Z,2017-02-08T10:55:00Z,Sukhoi Superjet-100,Belgorod,Anapa,85,76,481800.00,12,10,189000.00,0,0,
136250,PG0252,2017-02-08T10:05:00Z,2017-02-08T11:45:00Z,AAQ,SVO,Arrived,733,2017-02-08T10:06:00Z,2017-02-08T11:47:00Z,Boeing 737-300,Anapa,Moscow,118,91,1115000.00,12,8,292800.00,0,0,
41626,PG0251,2017-02-08T15:05:00Z,2017-02-08T16:45:00Z,SVO,AAQ,Arrived,733,2017-02-08T15:13:00Z,2017-02-08T16:52:00Z,Boeing 737-300,Moscow,Anapa,118,104,1273600.00,12,12,439200.00,0,0,
136666,PG0480,2017-02-09T09:25:00Z,2017-02-09T10:15:00Z,AAQ,EGO,Arrived,SU9,2017-02-09T09:26:00Z,2017-02-09T10:16:00Z,Sukhoi Superjet-100,Anapa,Belgorod,85,78,494400.00,12,9,170100.00,0,0,
202552,PG0481,2017-02-09T10:00:00Z,2017-02-09T10:50:00Z,EGO,AAQ,Arrived,SU9,2017-02-09T10:04:00Z,2017-02-09T10:53:00Z,Sukhoi Superjet-100,Belgorod,Anapa,85,82,519000.00,12,11,207900.00,0,0,
136146,PG0252,2017-02-09T10:05:00Z,2017-02-09T11:45:00Z,AAQ,SVO,Arrived,733,2017-02-09T10:08:00Z,2017-02-09T11:48:00Z,Boeing 737-300,Anapa,Moscow,118,98,1201600.00,12,11,402600.00,0,0,
41619,PG0251,2017-02-09T15:05:00Z,2017-02-09T16:45:00Z,SVO,AAQ,Arrived,733,2017-02-09T15:07:00Z,2017-02-09T16:47:00Z,Boeing 737-300,Moscow,Anapa,118,114,1398000.00,12,11,402600.00,0,0,
136769,PG0480,2017-02-10T09:25:00Z,2017-02-10T10:15:00Z,AAQ,EGO,Arrived,SU9,2017-02-10T09:30:00Z,2017-02-10T10:21:00Z,Sukhoi Superjet-100,Anapa,Belgorod,85,77,488100.00,12,11,207900.00,0,0,
202668,PG0481,2017-02-10T10:00:00Z,2017-02-10T10:50:00Z,EGO,AAQ,Arrived,SU9,2017-02-10T10:05:00Z,2017-02-10T10:55:00Z,Sukhoi Superjet-100,Belgorod,Anapa,85,78,494400.00,12,10,189000.00,0,0,
136348,PG0252,2017-02-10T10:05:00Z,2017-02-10T11:45:00Z,AAQ,SVO,Arrived,733,2017-02-10T10:05:00Z,2017-02-10T11:45:00Z,Boeing 737-300,Anapa,Moscow,118,108,1323600.00,12,12,439200.00,0,0,
41613,PG0251,2017-02-10T15:05:00Z,2017-02-10T16:45:00Z,SVO,AAQ,Arrived,733,2017-02-10T15:05:00Z,2017-02-10T16:47:00Z,Boeing 737-300,Moscow,Anapa,118,106,1300400.00,12,10,366000.00,0,0,
136922,PG0480,2017-02-11T09:25:00Z,2017-02-11T10:15:00Z,AAQ,EGO,Arrived,SU9,2017-02-11T09:27:00Z,2017-02-11T10:17:00Z,Sukhoi Superjet-100,Anapa,Belgorod,85,66,418800.00,12,10,189000.00,0,0,
202811,PG0481,2017-02-11T10:00:00Z,2017-02-11T10:50:00Z,EGO,AAQ,Arrived,SU9,2017-02-11T10:03:00Z,2017-02-11T10:53:00Z,Sukhoi Superjet-100,Belgorod,Anapa,85,79,500700.00,12,12,226800.00,0,0,
136269,PG0252,2017-02-11T10:05:00Z,2017-02-11T11:45:00Z,AAQ,SVO,Arrived,733,2017-02-11T10:13:00Z,2017-02-11T11:53:00Z,Boeing 737-300,Anapa,Moscow,118,98,1202800.00,12,11,402600.00,0,0,
41603,PG0251,2017-02-11T15:05:00Z,2017-02-11T16:45:00Z,SVO,AAQ,Arrived,733,2017-02-11T15:07:00Z,2017-02-11T16:45:00Z,Boeing 737-300,Moscow,Anapa,118,105,1288200.00,12,9,329400.00,0,0,
136861,PG0480,2017-02-12T09:25:00Z,2017-02-12T10:15:00Z,AAQ,EGO,Arrived,SU9,2017-02-12T09:28:00Z,2017-02-12T10:17:00Z,Sukhoi Superjet-100,Anapa,Belgorod,85,76,481200.00,12,11,207900.00,0,0,
202629,PG0481,2017-02-12T10:00:00Z,2017-02-12T10:50:00Z,EGO,AAQ,Arrived,SU9,2017-02-12T10:02:00Z,2017-02-12T10:52:00Z,Sukhoi Superjet-100,Belgorod,Anapa,85,82,519600.00,12,12,226800.00,0,0,
136270,PG0252,2017-02-12T10:05:00Z,2017-02-12T11:45:00Z,AAQ,SVO,Arrived,733,2017-02-12T10:12:00Z,2017-02-12T11:51:00Z,Boeing 737-300,Anapa,Moscow,118,100,1226000.00,12,11,402600.00,0,0,
41598,PG0251,2017-02-12T15:05:00Z,2017-02-12T16:45:00Z,SVO,AAQ,Arrived,733,2017-02-12T15:07:00Z,2017-02-12T16:48:00Z,Boeing 737-300,Moscow,Anapa,118,108,1324800.00,12,11,402600.00,0,0,
136857,PG0480,2017-02-13T09:25:00Z,2017-02-13T10:15:00Z,AAQ,EGO,Arrived,SU9,2017-02-13T09:31:00Z,2017-02-13T10:21:00Z,Sukhoi Superjet-100,Anapa,Belgorod,85,85,538500.00,12,12,226800.00,0,0,
202875,PG0481,2017-02-13T10:00:00Z,2017-02-13T10:50:00Z,EGO,AAQ,Arrived,SU9,2017-02-13T10:06:00Z,2017-02-13T10:55:00Z,Sukhoi Superjet-100,Belgorod,Anapa,85,81,513300.00,12,11,207900.00,0,0,
136130,PG0252,2017-02-13T10:05:00Z,2017-02-13T11:45:00Z,AAQ,SVO,Arrived,733,2017-02-13T10:07:00Z,2017-02-13T11:46:00Z,Boeing 737-300,Anapa,Moscow,118,97,1190600.00,12,10,366000.00,0,0,
41592,PG0251,2017-02-13T15:05:00Z,2017-02-13T16:45:00Z,SVO,AAQ,Arrived,733,2017-02-13T15:11:00Z,2017-02-13T16:54:00Z,Boeing 737-300,Moscow,Anapa,118,107,1311400.00,12,8,292800.00,0,0,
136888,PG0480,2017-02-14T09:25:00Z,2017-02-14T10:15:00Z,AAQ,EGO,Arrived,SU9,2017-02-14T09:29:00Z,2017-02-14T10:19:00Z,Sukhoi Superjet-100,Anapa,Belgorod,85,69,437100.00,12,10,189000.00,0,0,
202627,PG0481,2017-02-14T10:00:00Z,2017-02-14T10:50:00Z,EGO,AAQ,Arrived,SU9,2017-02-14T10:05:00Z,2017-02-14T10:56:00Z,Sukhoi Superjet-100,Belgorod,Anapa,85,83,525900.00,12,12,226800.00,0,0,
136249,PG0252,2017-02-14T10:05:00Z,2017-02-14T11:45:00Z,AAQ,SVO,Arrived,733,2017-02-14T10:08:00Z,2017-02-14T11:46:00Z,Boeing 737-300,Anapa,Moscow,118,111,1361400.00,12,12,439200.00,0,0,
41590,PG0251,2017-02-14T15:05:00Z,2017-02-14T16:45:00Z,SVO,AAQ,Arrived,733,2017-02-14T15:11:00Z,2017-02-14T16:51:00Z,Boeing 737-300,Moscow,Anapa,118,96,1176000.00,12,10,366000.00,0,0,
136605,PG0480,2017-02-15T09:25:00Z,2017-02-15T10:15:00Z,AAQ,EGO,Arrived,SU9,2017-02-15T09:28:00Z,2017-02-15T10:19:00Z,Sukhoi Superjet-100,Anapa,Belgorod,85,85,538500.00,12,12,226800.00,0,0,
202781,PG0481,2017-02-15T10:00:00Z,2017-02-15T10:50:00Z,EGO,AAQ,Arrived,SU9,2017-02-15T10:01:00Z,2017-02-15T10:51:00Z,Sukhoi Superjet-100,Belgorod,Anapa,85,85,538500.00,12,12,226800.00,0,0,
136132,PG0252,2017-02-15T10:05:00Z,2017-02-15T11:45:00Z,AAQ,SVO,Arrived,733,2017-02-15T10:09:00Z,2017-02-15T11:48:00Z,Boeing 737-300,Anapa,Moscow,118,104,1274800.00,12,12,439200.00,0,0,
41582,PG0251,2017-02-15T15:05:00Z,2017-02-15T16:45:00Z,SVO,AAQ,Arrived,733,2017-02-15T15:09:00Z,2017-02-15T16:49:00Z,Boeing 737-300,Moscow,Anapa,118,112,1372400.00,12,12,439200.00,0,0,
136875,PG0480,2017-02-16T09:25:00Z,2017-02-16T10:15:00Z,AAQ,EGO,Arrived,SU9,2017-02-16T09:29:00Z,2017-02-16T10:19:00Z,Sukhoi Superjet-100,Anapa,Belgorod,85,85,538500.00,12,12,226800.00,0,0,
202618,PG0481,2017-02-16T10:00:00Z,2017-02-16T10:50:00Z,EGO,AAQ,Arrived,SU9,2017-02-16T10:02:00Z,2017-02-16T10:52:00Z,Sukhoi Superjet-100,Belgorod,Anapa,85,85,538500.00,12,12,226800.00,0,0,
136268,PG0252,2017-02-16T10:05:00Z,2017-02-16T11:45:00Z,AAQ,SVO,Arrived,733,2017-02-16T10:08:00Z,2017-02-16T11:49:00Z,Boeing 737-300,Anapa,Moscow,118,104,1273600.00,12,11,402600.00,0,0,
41575,PG0251,2017-02-16T15:05:00Z,2017-02-16T16:45:00Z,SVO,AAQ,Arrived,733,2017-02-16T15:07:00Z,2017-02-16T16:45:00Z,Boeing 737-300,Moscow,Anapa,118,105,1287000.00,12,12,439200.00,0,0,
136620,PG0480,2017-02-17T09:25:00Z,2017-02-17T10:15:00Z,AAQ,EGO,Arrived,SU9,2017-02-17T09:30:00Z,2017-02-17T10:19:00Z,Sukhoi Superjet-100,Anapa,Belgorod,85,70,443400.00,12,9,170100.00,0,0,
202695,PG0481,2017-02-17T10:00:00Z,2017-02-17T10:50:00Z,EGO,AAQ,Arrived,SU9,2017-02-17T10:02:00Z,2017-02-17T10:53:00Z,Sukhoi Superjet-100,Belgorod,Anapa,85,80,507000.00,12,12,226800.00,0,0,
136452,PG0252,2017-02-17T10:05:00Z,2017-02-17T11:45:00Z,AAQ,SVO,Arrived,733,2017-02-17T10:08:00Z,2017-02-17T11:48:00Z,Boeing 737-300,Anapa,Moscow,118,98,1200400.00,12,11,402600.00,0,0,
41571,PG0251,2017-02-17T15:05:00Z,2017-02-17T16:45:00Z,SVO,AAQ,Arrived,733,2017-02-17T15:08:00Z,2017-02-17T16:49:00Z,Boeing 737-300,Moscow,Anapa,118,99,1215000.00,12,10,366000.00,0,0,
136827,PG0480,2017-02-18T09:25:00Z,2017-02-18T10:15:00Z,AAQ,EGO,Arrived,SU9,2017-02-18T09:26:00Z,2017-02-18T10:17:00Z,Sukhoi Superjet-100,Anapa,Belgorod,85,85,538500.00,12,12,226800.00,0,0,
202878,PG0481,2017-02-18T10:00:00Z,2017-02-18T10:50:00Z,EGO,AAQ,Arrived,SU9,2017-02-18T10:02:00Z,2017-02-18T10:52:00Z,Sukhoi Superjet-100,Belgorod,Anapa,85,81,513300.00,12,10,189000.00,0,0,
136264,PG0252,2017-02-18T10:05:00Z,2017-02-18T11:45:00Z,AAQ,SVO,Arrived,733,2017-02-18T10:07:00Z,2017-02-18T11:47:00Z,Boeing 737-300,Anapa,Moscow,118,105,1288200.00,12,11,402600.00,0,0,
41561,PG0251,2017-02-18T15:05:00Z,2017-02-18T16:45:00Z,SVO,AAQ,Arrived,733,2017-02-18T15:07:00Z,2017-02-18T16:47:00Z,Boeing 737-300,Moscow,Anapa,118,103,1262600.00,12,12,439200.00,0,0,
136815,PG0480,2017-02-19T09:25:00Z,2017-02-19T10:15:00Z,AAQ,EGO,Arrived,SU9,2017-02-19T09:26:00Z,2017-02-19T10:17:00Z,Sukhoi Superjet-100,Anapa,Belgorod,85,85,538500.00,12,12,226800.00,0,0,
202763,PG0481,2017-02-19T10:00:00Z,2017-02-19T10:50:00Z,EGO,AAQ,Arrived,SU9,2017-02-19T10:02:00Z,2017-02-19T10:52:00Z,Sukhoi Superjet-100,Belgorod,Anapa,85,77,486900.00,12,10,189000.00,0,0,
136320,PG0252,2017-02-19T10:05:00Z,2017-02-19T11:45:00Z,AAQ,SVO,Arrived,733,2017-02-19T10:05:00Z,2017-02-19T11:45:00Z,Boeing 737-300,Anapa,Moscow,118,96,1178400.00,12,10,366000.00,0,0,
41556,PG0251,2017-02-19T15:05:00Z,2017-02-19T16:45:00Z,SVO,AAQ,Arrived,733,2017-02-19T15:09:00Z,2017-02-19T16:50:00Z,Boeing 737-300,Moscow,Anapa,118,110,1346800.00,12,12,439200.00,0,0,
136660,PG0480,2017-02-20T09:25:00Z,2017-02-20T10:15:00Z,AAQ,EGO,Arrived,SU9,2017-02-20T09:26:00Z,2017-02-20T10:15:00Z,Sukhoi Superjet-100,Anapa,Belgorod,85,77,488100.00,12,10,189000.00,0,0,
202546,PG0481,2017-02-20T10:00:00Z,2017-02-20T10:50:00Z,EGO,AAQ,Arrived,SU9,2017-02-20T10:02:00Z,2017-02-20T10:53:00Z,Sukhoi Superjet-100,Belgorod,Anapa,85,73,462300.00,12,11,207900.00,0,0,
136403,PG0252,2017-02-20T10:05:00Z,2017-02-20T11:45:00Z,AAQ,SVO,Arrived,733,2017-02-20T10:06:00Z,2017-02-20T11:46:00Z,Boeing 737-300,Anapa,Moscow,118,117,1434600.00,12,12,439200.00,0,0,
41549,PG0251,2017-02-20T15:05:00Z,2017-02-20T16:45:00Z,SVO,AAQ,Arrived,733,2017-02-20T15:07:00Z,2017-02-20T16:45:00Z,Boeing 737-300,Moscow,Anapa,118,96,1174800.00,12,10,366000.00,0,0,
136612,PG0480,2017-02-21T09:25:00Z,2017-02-21T10:15:00Z,AAQ,EGO,Arrived,SU9,2017-02-21T09:27:00Z,2017-02-21T10:17:00Z,Sukhoi Superjet-100,Anapa,Belgorod,85,82,519600.00,12,12,226800.00,0,0,
202731,PG0481,2017-02-21T10:00:00Z,2017-02-21T10:50:00Z,EGO,AAQ,Arrived,SU9,2017-02-21T10:03:00Z,2017-02-21T10:53:00Z,Sukhoi Superjet-100,Belgorod,Anapa,85,79,500700.00,12,12,226800.00,0,0,
136479,PG0252,2017-02-21T10:05:00Z,2017-02-21T11:45:00Z,AAQ,SVO,Arrived,733,2017-02-21T10:08:00Z,2017-02-21T11:47:00Z,Boeing 737-300,Anapa,Moscow,118,112,1372400.00,12,10,366000.00,0,0,
41542,PG0251,2017-02-21T15:05:00Z,2017-02-21T16:45:00Z,SVO,AAQ,Arrived,733,2017-02-21T15:10:00Z,2017-02-21T16:50:00Z,Boeing 737-300,Moscow,Anapa,118,111,1361400.00,12,11,402600.00,0,0,
136778,PG0480,2017-02-22T09:25:00Z,2017-02-22T10:15:00Z,AAQ,EGO,Arrived,SU9,2017-02-22T09:26:00Z,2017-02-22T10:16:00Z,Sukhoi Superjet-100,Anapa,Belgorod,85,84,532200.00,12,12,226800.00,0,0,
202601,PG0481,2017-02-22T10:00:00Z,2017-02-22T10:50:00Z,EGO,AAQ,Arrived,SU9,2017-02-22T10:01:00Z,2017-02-22T10:52:00Z,Sukhoi Superjet-100,Belgorod,Anapa,85,80,506400.00,12,12,226800.00,0,0,
136165,PG0252,2017-02-22T10:05:00Z,2017-02-22T11:45:00Z,AAQ,SVO,Arrived,733,2017-02-22T10:11:00Z,2017-02-22T11:52:00Z,Boeing 737-300,Anapa,Moscow,118,101,1238200.00,12,9,329400.00,0,0,
41538,PG0251,2017-02-22T15:05:00Z,2017-02-22T16:45:00Z,SVO,AAQ,Arrived,733,2017-02-22T15:09:00Z,2017-02-22T16:50:00Z,Boeing 737-300,Moscow,Anapa,118,108,1323600.00,12,12,439200.00,0,0,
136807,PG0480,2017-02-23T09:25:00Z,2017-02-23T10:15:00Z,AAQ,EGO,Arrived,SU9,2017-02-23T09:28:00Z,2017-02-23T10:18:00Z,Sukhoi Superjet-100,Anapa,Belgorod,85,60,379800.00,12,8,151200.00,0,0,
202538,PG0481,2017-02-23T10:00:00Z,2017-02-23T10:50:00Z,EGO,AAQ,Arrived,SU9,2017-02-23T10:01:00Z,2017-02-23T10:51:00Z,Sukhoi Superjet-100,Belgorod,Anapa,85,84,532200.00,12,12,226800.00,0,0,
136204,PG0252,2017-02-23T10:05:00Z,2017-02-23T11:45:00Z,AAQ,SVO,Arrived,733,2017-02-23T10:06:00Z,2017-02-23T11:46:00Z,Boeing 737-300,Anapa,Moscow,118,101,1238200.00,12,6,219600.00,0,0,
41526,PG0251,2017-02-23T15:05:00Z,2017-02-23T16:45:00Z,SVO,AAQ,Arrived,733,2017-02-23T15:09:00Z,2017-02-23T16:49:00Z,Boeing 737-300,Moscow,Anapa,118,112,1372400.00,12,11,402600.00,0,0,
136780,PG0480,2017-02-24T09:25:00Z,2017-02-24T10:15:00Z,AAQ,EGO,Arrived,SU9,2017-02-24T09:30:00Z,2017-02-24T10:20:00Z,Sukhoi Superjet-100,Anapa,Belgorod,85,77,488100.00,12,12,226800.00,0,0,
202846,PG0481,2017-02-24T10:00:00Z,2017-02-24T10:50:00Z,EGO,AAQ,Arrived,SU9,2017-02-24T10:05:00Z,2017-02-24T10:56:00Z,Sukhoi Superjet-100,Belgorod,Anapa,85,80,507000.00,12,11,207900.00,0,0,
136120,PG0252,2017-02-24T10:05:00Z,2017-02-24T11:45:00Z,AAQ,SVO,Arrived,733,2017-02-24T10:07:00Z,2017-02-24T11:46:00Z,Boeing 737-300,Anapa,Moscow,118,98,1202800.00,12,11,402600.00,0,0,
41522,PG0251,2017-02-24T15:05:00Z,2017-02-24T16:45:00Z,SVO,AAQ,Arrived,733,2017-02-24T15:06:00Z,2017-02-24T16:47:00Z,Boeing 737-300,Moscow,Anapa,118,106,1300400.00,12,12,439200.00,0,0,
136630,PG0480,2017-02-25T09:25:00Z,2017-02-25T10:15:00Z,AAQ,EGO,Arrived,SU9,2017-02-25T09:32:00Z,2017-02-25T10:22:00Z,Sukhoi Superjet-100,Anapa,Belgorod,85,82,519600.00,12,12,226800.00,0,0,
202711,PG0481,2017-02-25T10:00:00Z,2017-02-25T10:50:00Z,EGO,AAQ,Arrived,SU9,2017-02-25T10:07:00Z,2017-02-25T10:57:00Z,Sukhoi Superjet-100,Belgorod,Anapa,85,80,506400.00,12,11,207900.00,0,0,
136439,PG0252,2017-02-25T10:05:00Z,2017-02-25T11:45:00Z,AAQ,SVO,Arrived,733,2017-02-25T10:08:00Z,2017-02-25T11:48:00Z,Boeing 737-300,Anapa,Moscow,118,106,1299200.00,12,11,402600.00,0,0,
41512,PG0251,2017-02-25T15:05:00Z,2017-02-25T16:45:00Z,SVO,AAQ,Arrived,733,2017-02-25T15:07:00Z,2017-02-25T16:47:00Z,Boeing 737-300,Moscow,Anapa,118,104,1274800.00,12,11,402600.00,0,0,
136802,PG0480,2017-02-26T09:25:00Z,2017-02-26T10:15:00Z,AAQ,EGO,Arrived,SU9,2017-02-26T09:32:00Z,2017-02-26T10:22:00Z,Sukhoi Superjet-100,Anapa,Belgorod,85,85,538500.00,12,11,207900.00,0,0,
202545,PG0481,2017-02-26T10:00:00Z,2017-02-26T10:50:00Z,EGO,AAQ,Arrived,SU9,2017-02-26T10:05:00Z,2017-02-26T10:55:00Z,Sukhoi Superjet-100,Belgorod,Anapa,85,82,519600.00,12,12,226800.00,0,0,
136351,PG0252,2017-02-26T10:05:00Z,2017-02-26T11:45:00Z,AAQ,SVO,Arrived,733,2017-02-26T10:13:00Z,2017-02-26T11:53:00Z,Boeing 737-300,Anapa,Moscow,118,94,1152800.00,12,11,402600.00,0,0,
41508,PG0251,2017-02-26T15:05:00Z,2017-02-26T16:45:00Z,SVO,AAQ,Arrived,733,2017-02-26T15:07:00Z,2017-02-26T16:48:00Z,Boeing 737-300,Moscow,Anapa,118,99,1213800.00,12,12,439200.00,0,0,
136953,PG0480,2017-02-27T09:25:00Z,2017-02-27T10:15:00Z,AAQ,EGO,Arrived,SU9,2017-02-27T09:27:00Z,2017-02-27T10:17:00Z,Sukhoi Superjet-100,Anapa,Belgorod,85,85,538500.00,12,12,226800.00,0,0,
202551,PG0481,2017-02-27T10:00:00Z,2017-02-27T10:50:00Z,EGO,AAQ,Arrived,SU9,2017-02-27T10:02:00Z,2017-02-27T10:53:00Z,Sukhoi Superjet-100,Belgorod,Anapa,85,83,525900.00,12,12,226800.00,0,0,
136266,PG0252,2017-02-27T10:05:00Z,2017-02-27T11:45:00Z,AAQ,SVO,Arrived,733,2017-02-27T10:08:00Z,2017-02-27T11:48:00Z,Boeing 737-300,Anapa,Moscow,118,98,1200400.00,12,10,366000.00,0,0,
41499,PG0251,2017-02-27T15:05:00Z,2017-02-27T16:45:00Z,SVO,AAQ,Arrived,733,2017-02-27T15:13:00Z,2017-02-27T16:52:00Z,Boeing 737-300,Moscow,Anapa,118,106,1300400.00,12,11,402600.00,0,0,
136844,PG0480,2017-02-28T09:25:00Z,2017-02-28T10:15:00Z,AAQ,EGO,Arrived,SU9,2017-02-28T09:26:00Z,2017-02-28T10:16:00Z,Sukhoi Superjet-100,Anapa,Belgorod,85,73,461700.00,12,6,113400.00,0,0,
202679,PG0481,2017-02-28T10:00:00Z,2017-02-28T10:50:00Z,EGO,AAQ,Arrived,SU9,2017-02-28T10:02:00Z,2017-02-28T10:53:00Z,Sukhoi Superjet-100,Belgorod,Anapa,85,81,513300.00,12,10,189000.00,0,0,
136215,PG0252,2017-02-28T10:05:00Z,2017-02-28T11:45:00Z,AAQ,SVO,Arrived,733,2017-02-28T10:09:00Z,2017-02-28T11:49:00Z,Boeing 737-300,Anapa,Moscow,118,103,1261400.00,12,11,402600.00,0,0,
41493,PG0251,2017-02-28T15:05:00Z,2017-02-28T16:45:00Z,SVO,AAQ,Arrived,733,2017-02-28T15:08:00Z,2017-02-28T16:49:00Z,Boeing 737-300,Moscow,Anapa,118,93,1139400.00,12,9,329400.00,0,0,
